AVG	SEARCHED
66.16666666666667	_EPS_0.002_Samp_3
42.708333333333336	_EPS_0.002_Samp_5
32.291666666666664	_EPS_0.002_Samp_7
25.541666666666668	_EPS_0.002_Samp_9
21.375	_EPS_0.002_Samp_11
17.25	_EPS_0.002_Samp_13
15.666666666666666	_EPS_0.002_Samp_15
47.5	_EPS_0.002_Samp_17
42.5	_EPS_0.002_Samp_19
39.75	_EPS_0.002_Samp_21
37.25	_EPS_0.002_Samp_23
34.0	_EPS_0.002_Samp_25
32.0	_EPS_0.002_Samp_27
30.75	_EPS_0.002_Samp_29
29.25	_EPS_0.002_Samp_31
27.5	_EPS_0.002_Samp_33
27.25	_EPS_0.002_Samp_35
26.25	_EPS_0.002_Samp_37
24.75	_EPS_0.002_Samp_39
24.0	_EPS_0.002_Samp_41
23.25	_EPS_0.002_Samp_43
22.25	_EPS_0.002_Samp_45
21.75	_EPS_0.002_Samp_47
21.5	_EPS_0.002_Samp_49
20.75	_EPS_0.002_Samp_51
20.5	_EPS_0.002_Samp_53
19.5	_EPS_0.002_Samp_55
18.5	_EPS_0.002_Samp_57
18.0	_EPS_0.002_Samp_59
17.25	_EPS_0.002_Samp_61
17.0	_EPS_0.002_Samp_63
17.25	_EPS_0.002_Samp_65
16.5	_EPS_0.002_Samp_67
16.5	_EPS_0.002_Samp_69
16.0	_EPS_0.002_Samp_71
16.0	_EPS_0.002_Samp_73
16.0	_EPS_0.002_Samp_75
16.0	_EPS_0.002_Samp_77
15.5	_EPS_0.002_Samp_79
15.0	_EPS_0.002_Samp_81
14.75	_EPS_0.002_Samp_83
14.0	_EPS_0.002_Samp_85
13.25	_EPS_0.002_Samp_87
12.75	_EPS_0.002_Samp_89
12.5	_EPS_0.002_Samp_91
12.5	_EPS_0.002_Samp_93
12.5	_EPS_0.002_Samp_95
12.25	_EPS_0.002_Samp_97
12.0	_EPS_0.002_Samp_99
11.75	_EPS_0.002_Samp_101
11.5	_EPS_0.002_Samp_103
11.0	_EPS_0.002_Samp_105
11.0	_EPS_0.002_Samp_107
11.0	_EPS_0.002_Samp_109
11.0	_EPS_0.002_Samp_111
11.0	_EPS_0.002_Samp_113
10.75	_EPS_0.002_Samp_115
10.25	_EPS_0.002_Samp_117
10.25	_EPS_0.002_Samp_119
10.25	_EPS_0.002_Samp_121
10.25	_EPS_0.002_Samp_123
9.75	_EPS_0.002_Samp_125
9.75	_EPS_0.002_Samp_127
9.25	_EPS_0.002_Samp_129
9.0	_EPS_0.002_Samp_131
9.0	_EPS_0.002_Samp_133
8.75	_EPS_0.002_Samp_135
8.75	_EPS_0.002_Samp_137
8.0	_EPS_0.002_Samp_139
8.0	_EPS_0.002_Samp_141
8.0	_EPS_0.002_Samp_143
8.0	_EPS_0.002_Samp_145
8.0	_EPS_0.002_Samp_147
8.0	_EPS_0.002_Samp_149
8.25	_EPS_0.002_Samp_151
8.0	_EPS_0.002_Samp_153
8.0	_EPS_0.002_Samp_155
8.0	_EPS_0.002_Samp_157
7.5	_EPS_0.002_Samp_159
7.5	_EPS_0.002_Samp_161
57.916666666666664	_EPS_0.004_Samp_3
39.041666666666664	_EPS_0.004_Samp_5
30.75	_EPS_0.004_Samp_7
24.791666666666668	_EPS_0.004_Samp_9
21.666666666666668	_EPS_0.004_Samp_11
17.833333333333332	_EPS_0.004_Samp_13
15.125	_EPS_0.004_Samp_15
43.5	_EPS_0.004_Samp_17
39.25	_EPS_0.004_Samp_19
37.25	_EPS_0.004_Samp_21
35.75	_EPS_0.004_Samp_23
32.5	_EPS_0.004_Samp_25
30.75	_EPS_0.004_Samp_27
30.25	_EPS_0.004_Samp_29
28.75	_EPS_0.004_Samp_31
27.75	_EPS_0.004_Samp_33
26.5	_EPS_0.004_Samp_35
25.25	_EPS_0.004_Samp_37
23.25	_EPS_0.004_Samp_39
22.75	_EPS_0.004_Samp_41
22.5	_EPS_0.004_Samp_43
22.25	_EPS_0.004_Samp_45
21.75	_EPS_0.004_Samp_47
20.75	_EPS_0.004_Samp_49
20.75	_EPS_0.004_Samp_51
20.0	_EPS_0.004_Samp_53
19.25	_EPS_0.004_Samp_55
18.0	_EPS_0.004_Samp_57
17.5	_EPS_0.004_Samp_59
17.25	_EPS_0.004_Samp_61
16.75	_EPS_0.004_Samp_63
16.25	_EPS_0.004_Samp_65
16.0	_EPS_0.004_Samp_67
16.0	_EPS_0.004_Samp_69
15.5	_EPS_0.004_Samp_71
15.5	_EPS_0.004_Samp_73
15.25	_EPS_0.004_Samp_75
15.5	_EPS_0.004_Samp_77
15.25	_EPS_0.004_Samp_79
14.75	_EPS_0.004_Samp_81
14.75	_EPS_0.004_Samp_83
14.75	_EPS_0.004_Samp_85
14.5	_EPS_0.004_Samp_87
14.0	_EPS_0.004_Samp_89
13.5	_EPS_0.004_Samp_91
13.5	_EPS_0.004_Samp_93
13.25	_EPS_0.004_Samp_95
13.0	_EPS_0.004_Samp_97
13.0	_EPS_0.004_Samp_99
12.75	_EPS_0.004_Samp_101
12.75	_EPS_0.004_Samp_103
12.5	_EPS_0.004_Samp_105
12.75	_EPS_0.004_Samp_107
12.75	_EPS_0.004_Samp_109
12.5	_EPS_0.004_Samp_111
12.5	_EPS_0.004_Samp_113
12.5	_EPS_0.004_Samp_115
12.25	_EPS_0.004_Samp_117
11.5	_EPS_0.004_Samp_119
11.5	_EPS_0.004_Samp_121
11.75	_EPS_0.004_Samp_123
11.25	_EPS_0.004_Samp_125
11.0	_EPS_0.004_Samp_127
10.75	_EPS_0.004_Samp_129
10.5	_EPS_0.004_Samp_131
10.5	_EPS_0.004_Samp_133
10.0	_EPS_0.004_Samp_135
9.75	_EPS_0.004_Samp_137
9.5	_EPS_0.004_Samp_139
9.25	_EPS_0.004_Samp_141
9.25	_EPS_0.004_Samp_143
9.25	_EPS_0.004_Samp_145
9.0	_EPS_0.004_Samp_147
9.0	_EPS_0.004_Samp_149
9.0	_EPS_0.004_Samp_151
8.5	_EPS_0.004_Samp_153
8.25	_EPS_0.004_Samp_155
8.25	_EPS_0.004_Samp_157
8.0	_EPS_0.004_Samp_159
8.0	_EPS_0.004_Samp_161
51.875	_EPS_0.006_Samp_3
34.625	_EPS_0.006_Samp_5
27.666666666666668	_EPS_0.006_Samp_7
23.291666666666668	_EPS_0.006_Samp_9
20.0	_EPS_0.006_Samp_11
17.333333333333332	_EPS_0.006_Samp_13
15.25	_EPS_0.006_Samp_15
43.0	_EPS_0.006_Samp_17
38.5	_EPS_0.006_Samp_19
35.75	_EPS_0.006_Samp_21
33.0	_EPS_0.006_Samp_23
31.0	_EPS_0.006_Samp_25
28.5	_EPS_0.006_Samp_27
27.5	_EPS_0.006_Samp_29
26.25	_EPS_0.006_Samp_31
25.5	_EPS_0.006_Samp_33
24.25	_EPS_0.006_Samp_35
22.75	_EPS_0.006_Samp_37
21.75	_EPS_0.006_Samp_39
20.25	_EPS_0.006_Samp_41
19.0	_EPS_0.006_Samp_43
18.75	_EPS_0.006_Samp_45
18.5	_EPS_0.006_Samp_47
18.0	_EPS_0.006_Samp_49
17.75	_EPS_0.006_Samp_51
17.0	_EPS_0.006_Samp_53
16.5	_EPS_0.006_Samp_55
16.0	_EPS_0.006_Samp_57
15.75	_EPS_0.006_Samp_59
15.5	_EPS_0.006_Samp_61
15.25	_EPS_0.006_Samp_63
15.25	_EPS_0.006_Samp_65
15.25	_EPS_0.006_Samp_67
14.75	_EPS_0.006_Samp_69
14.5	_EPS_0.006_Samp_71
14.0	_EPS_0.006_Samp_73
14.0	_EPS_0.006_Samp_75
13.75	_EPS_0.006_Samp_77
13.5	_EPS_0.006_Samp_79
13.25	_EPS_0.006_Samp_81
13.0	_EPS_0.006_Samp_83
13.0	_EPS_0.006_Samp_85
12.75	_EPS_0.006_Samp_87
12.5	_EPS_0.006_Samp_89
12.5	_EPS_0.006_Samp_91
12.25	_EPS_0.006_Samp_93
12.0	_EPS_0.006_Samp_95
11.75	_EPS_0.006_Samp_97
11.75	_EPS_0.006_Samp_99
11.5	_EPS_0.006_Samp_101
11.5	_EPS_0.006_Samp_103
11.25	_EPS_0.006_Samp_105
11.25	_EPS_0.006_Samp_107
11.25	_EPS_0.006_Samp_109
11.25	_EPS_0.006_Samp_111
11.25	_EPS_0.006_Samp_113
11.25	_EPS_0.006_Samp_115
11.0	_EPS_0.006_Samp_117
10.75	_EPS_0.006_Samp_119
10.75	_EPS_0.006_Samp_121
10.75	_EPS_0.006_Samp_123
10.75	_EPS_0.006_Samp_125
10.5	_EPS_0.006_Samp_127
10.5	_EPS_0.006_Samp_129
10.5	_EPS_0.006_Samp_131
10.25	_EPS_0.006_Samp_133
10.0	_EPS_0.006_Samp_135
10.0	_EPS_0.006_Samp_137
10.0	_EPS_0.006_Samp_139
9.75	_EPS_0.006_Samp_141
9.5	_EPS_0.006_Samp_143
9.5	_EPS_0.006_Samp_145
9.5	_EPS_0.006_Samp_147
9.25	_EPS_0.006_Samp_149
9.0	_EPS_0.006_Samp_151
8.5	_EPS_0.006_Samp_153
8.5	_EPS_0.006_Samp_155
8.75	_EPS_0.006_Samp_157
8.5	_EPS_0.006_Samp_159
8.5	_EPS_0.006_Samp_161
47.75	_EPS_0.008_Samp_3
33.75	_EPS_0.008_Samp_5
26.583333333333332	_EPS_0.008_Samp_7
22.0	_EPS_0.008_Samp_9
19.666666666666668	_EPS_0.008_Samp_11
17.291666666666668	_EPS_0.008_Samp_13
15.0	_EPS_0.008_Samp_15
42.25	_EPS_0.008_Samp_17
38.75	_EPS_0.008_Samp_19
36.5	_EPS_0.008_Samp_21
33.75	_EPS_0.008_Samp_23
31.25	_EPS_0.008_Samp_25
29.0	_EPS_0.008_Samp_27
28.0	_EPS_0.008_Samp_29
25.5	_EPS_0.008_Samp_31
24.5	_EPS_0.008_Samp_33
23.0	_EPS_0.008_Samp_35
22.25	_EPS_0.008_Samp_37
20.75	_EPS_0.008_Samp_39
20.0	_EPS_0.008_Samp_41
18.75	_EPS_0.008_Samp_43
18.25	_EPS_0.008_Samp_45
18.25	_EPS_0.008_Samp_47
17.75	_EPS_0.008_Samp_49
17.75	_EPS_0.008_Samp_51
17.25	_EPS_0.008_Samp_53
17.0	_EPS_0.008_Samp_55
16.5	_EPS_0.008_Samp_57
16.5	_EPS_0.008_Samp_59
16.25	_EPS_0.008_Samp_61
16.0	_EPS_0.008_Samp_63
15.75	_EPS_0.008_Samp_65
15.5	_EPS_0.008_Samp_67
15.5	_EPS_0.008_Samp_69
15.0	_EPS_0.008_Samp_71
14.5	_EPS_0.008_Samp_73
14.0	_EPS_0.008_Samp_75
13.75	_EPS_0.008_Samp_77
13.5	_EPS_0.008_Samp_79
13.0	_EPS_0.008_Samp_81
13.0	_EPS_0.008_Samp_83
13.0	_EPS_0.008_Samp_85
12.75	_EPS_0.008_Samp_87
12.5	_EPS_0.008_Samp_89
12.25	_EPS_0.008_Samp_91
12.0	_EPS_0.008_Samp_93
11.75	_EPS_0.008_Samp_95
11.75	_EPS_0.008_Samp_97
11.75	_EPS_0.008_Samp_99
11.5	_EPS_0.008_Samp_101
11.5	_EPS_0.008_Samp_103
11.5	_EPS_0.008_Samp_105
11.5	_EPS_0.008_Samp_107
11.5	_EPS_0.008_Samp_109
11.5	_EPS_0.008_Samp_111
11.5	_EPS_0.008_Samp_113
11.5	_EPS_0.008_Samp_115
11.5	_EPS_0.008_Samp_117
11.25	_EPS_0.008_Samp_119
11.25	_EPS_0.008_Samp_121
11.25	_EPS_0.008_Samp_123
11.25	_EPS_0.008_Samp_125
11.0	_EPS_0.008_Samp_127
11.0	_EPS_0.008_Samp_129
11.0	_EPS_0.008_Samp_131
10.75	_EPS_0.008_Samp_133
10.5	_EPS_0.008_Samp_135
10.5	_EPS_0.008_Samp_137
10.25	_EPS_0.008_Samp_139
10.25	_EPS_0.008_Samp_141
10.25	_EPS_0.008_Samp_143
10.0	_EPS_0.008_Samp_145
9.75	_EPS_0.008_Samp_147
9.5	_EPS_0.008_Samp_149
9.5	_EPS_0.008_Samp_151
8.75	_EPS_0.008_Samp_153
8.75	_EPS_0.008_Samp_155
8.75	_EPS_0.008_Samp_157
8.5	_EPS_0.008_Samp_159
8.5	_EPS_0.008_Samp_161
45.833333333333336	_EPS_0.01_Samp_3
32.041666666666664	_EPS_0.01_Samp_5
26.125	_EPS_0.01_Samp_7
22.125	_EPS_0.01_Samp_9
19.791666666666668	_EPS_0.01_Samp_11
17.125	_EPS_0.01_Samp_13
15.416666666666666	_EPS_0.01_Samp_15
40.5	_EPS_0.01_Samp_17
37.0	_EPS_0.01_Samp_19
34.5	_EPS_0.01_Samp_21
32.75	_EPS_0.01_Samp_23
30.25	_EPS_0.01_Samp_25
28.75	_EPS_0.01_Samp_27
27.5	_EPS_0.01_Samp_29
25.75	_EPS_0.01_Samp_31
24.0	_EPS_0.01_Samp_33
23.0	_EPS_0.01_Samp_35
21.75	_EPS_0.01_Samp_37
20.0	_EPS_0.01_Samp_39
19.5	_EPS_0.01_Samp_41
19.0	_EPS_0.01_Samp_43
18.25	_EPS_0.01_Samp_45
18.0	_EPS_0.01_Samp_47
17.75	_EPS_0.01_Samp_49
17.25	_EPS_0.01_Samp_51
17.0	_EPS_0.01_Samp_53
16.25	_EPS_0.01_Samp_55
16.0	_EPS_0.01_Samp_57
16.0	_EPS_0.01_Samp_59
15.5	_EPS_0.01_Samp_61
15.25	_EPS_0.01_Samp_63
15.25	_EPS_0.01_Samp_65
15.0	_EPS_0.01_Samp_67
15.0	_EPS_0.01_Samp_69
14.75	_EPS_0.01_Samp_71
14.75	_EPS_0.01_Samp_73
14.0	_EPS_0.01_Samp_75
14.0	_EPS_0.01_Samp_77
13.75	_EPS_0.01_Samp_79
13.5	_EPS_0.01_Samp_81
13.0	_EPS_0.01_Samp_83
13.0	_EPS_0.01_Samp_85
12.75	_EPS_0.01_Samp_87
12.75	_EPS_0.01_Samp_89
12.75	_EPS_0.01_Samp_91
12.75	_EPS_0.01_Samp_93
12.5	_EPS_0.01_Samp_95
12.5	_EPS_0.01_Samp_97
12.25	_EPS_0.01_Samp_99
12.0	_EPS_0.01_Samp_101
12.0	_EPS_0.01_Samp_103
12.0	_EPS_0.01_Samp_105
11.75	_EPS_0.01_Samp_107
11.75	_EPS_0.01_Samp_109
11.75	_EPS_0.01_Samp_111
11.75	_EPS_0.01_Samp_113
11.5	_EPS_0.01_Samp_115
11.5	_EPS_0.01_Samp_117
11.5	_EPS_0.01_Samp_119
11.25	_EPS_0.01_Samp_121
11.25	_EPS_0.01_Samp_123
11.25	_EPS_0.01_Samp_125
11.25	_EPS_0.01_Samp_127
11.0	_EPS_0.01_Samp_129
11.0	_EPS_0.01_Samp_131
10.75	_EPS_0.01_Samp_133
10.5	_EPS_0.01_Samp_135
10.5	_EPS_0.01_Samp_137
10.5	_EPS_0.01_Samp_139
10.5	_EPS_0.01_Samp_141
10.25	_EPS_0.01_Samp_143
10.25	_EPS_0.01_Samp_145
10.0	_EPS_0.01_Samp_147
10.0	_EPS_0.01_Samp_149
10.0	_EPS_0.01_Samp_151
9.75	_EPS_0.01_Samp_153
9.5	_EPS_0.01_Samp_155
9.5	_EPS_0.01_Samp_157
9.25	_EPS_0.01_Samp_159
9.25	_EPS_0.01_Samp_161
43.958333333333336	_EPS_0.012_Samp_3
30.625	_EPS_0.012_Samp_5
25.416666666666668	_EPS_0.012_Samp_7
21.708333333333332	_EPS_0.012_Samp_9
19.375	_EPS_0.012_Samp_11
17.041666666666668	_EPS_0.012_Samp_13
15.416666666666666	_EPS_0.012_Samp_15
39.25	_EPS_0.012_Samp_17
35.5	_EPS_0.012_Samp_19
33.5	_EPS_0.012_Samp_21
32.25	_EPS_0.012_Samp_23
30.25	_EPS_0.012_Samp_25
29.25	_EPS_0.012_Samp_27
28.25	_EPS_0.012_Samp_29
26.0	_EPS_0.012_Samp_31
25.25	_EPS_0.012_Samp_33
23.75	_EPS_0.012_Samp_35
21.75	_EPS_0.012_Samp_37
19.75	_EPS_0.012_Samp_39
19.0	_EPS_0.012_Samp_41
18.75	_EPS_0.012_Samp_43
18.25	_EPS_0.012_Samp_45
17.75	_EPS_0.012_Samp_47
17.75	_EPS_0.012_Samp_49
17.0	_EPS_0.012_Samp_51
16.75	_EPS_0.012_Samp_53
16.25	_EPS_0.012_Samp_55
16.0	_EPS_0.012_Samp_57
15.5	_EPS_0.012_Samp_59
15.5	_EPS_0.012_Samp_61
15.25	_EPS_0.012_Samp_63
15.25	_EPS_0.012_Samp_65
15.0	_EPS_0.012_Samp_67
14.75	_EPS_0.012_Samp_69
14.5	_EPS_0.012_Samp_71
14.5	_EPS_0.012_Samp_73
14.75	_EPS_0.012_Samp_75
13.75	_EPS_0.012_Samp_77
13.75	_EPS_0.012_Samp_79
13.75	_EPS_0.012_Samp_81
13.5	_EPS_0.012_Samp_83
13.25	_EPS_0.012_Samp_85
12.75	_EPS_0.012_Samp_87
12.75	_EPS_0.012_Samp_89
12.5	_EPS_0.012_Samp_91
12.5	_EPS_0.012_Samp_93
12.5	_EPS_0.012_Samp_95
12.5	_EPS_0.012_Samp_97
12.5	_EPS_0.012_Samp_99
12.25	_EPS_0.012_Samp_101
12.25	_EPS_0.012_Samp_103
12.0	_EPS_0.012_Samp_105
12.0	_EPS_0.012_Samp_107
12.0	_EPS_0.012_Samp_109
12.0	_EPS_0.012_Samp_111
11.75	_EPS_0.012_Samp_113
11.5	_EPS_0.012_Samp_115
11.5	_EPS_0.012_Samp_117
11.25	_EPS_0.012_Samp_119
11.0	_EPS_0.012_Samp_121
11.0	_EPS_0.012_Samp_123
11.0	_EPS_0.012_Samp_125
11.0	_EPS_0.012_Samp_127
11.25	_EPS_0.012_Samp_129
11.0	_EPS_0.012_Samp_131
11.0	_EPS_0.012_Samp_133
10.75	_EPS_0.012_Samp_135
10.5	_EPS_0.012_Samp_137
10.5	_EPS_0.012_Samp_139
10.5	_EPS_0.012_Samp_141
10.5	_EPS_0.012_Samp_143
10.5	_EPS_0.012_Samp_145
10.25	_EPS_0.012_Samp_147
10.0	_EPS_0.012_Samp_149
10.0	_EPS_0.012_Samp_151
9.75	_EPS_0.012_Samp_153
9.75	_EPS_0.012_Samp_155
9.75	_EPS_0.012_Samp_157
9.25	_EPS_0.012_Samp_159
9.25	_EPS_0.012_Samp_161
42.166666666666664	_EPS_0.014_Samp_3
30.25	_EPS_0.014_Samp_5
24.75	_EPS_0.014_Samp_7
21.333333333333332	_EPS_0.014_Samp_9
19.291666666666668	_EPS_0.014_Samp_11
16.958333333333332	_EPS_0.014_Samp_13
15.291666666666666	_EPS_0.014_Samp_15
39.25	_EPS_0.014_Samp_17
34.5	_EPS_0.014_Samp_19
32.5	_EPS_0.014_Samp_21
31.25	_EPS_0.014_Samp_23
29.5	_EPS_0.014_Samp_25
28.25	_EPS_0.014_Samp_27
27.5	_EPS_0.014_Samp_29
25.25	_EPS_0.014_Samp_31
24.5	_EPS_0.014_Samp_33
23.75	_EPS_0.014_Samp_35
23.0	_EPS_0.014_Samp_37
20.75	_EPS_0.014_Samp_39
20.0	_EPS_0.014_Samp_41
19.5	_EPS_0.014_Samp_43
19.0	_EPS_0.014_Samp_45
18.75	_EPS_0.014_Samp_47
17.75	_EPS_0.014_Samp_49
17.25	_EPS_0.014_Samp_51
16.75	_EPS_0.014_Samp_53
16.5	_EPS_0.014_Samp_55
15.75	_EPS_0.014_Samp_57
15.75	_EPS_0.014_Samp_59
15.75	_EPS_0.014_Samp_61
15.5	_EPS_0.014_Samp_63
15.0	_EPS_0.014_Samp_65
15.0	_EPS_0.014_Samp_67
14.5	_EPS_0.014_Samp_69
14.25	_EPS_0.014_Samp_71
14.25	_EPS_0.014_Samp_73
14.0	_EPS_0.014_Samp_75
13.75	_EPS_0.014_Samp_77
13.75	_EPS_0.014_Samp_79
13.75	_EPS_0.014_Samp_81
13.75	_EPS_0.014_Samp_83
13.25	_EPS_0.014_Samp_85
12.75	_EPS_0.014_Samp_87
12.5	_EPS_0.014_Samp_89
12.25	_EPS_0.014_Samp_91
12.25	_EPS_0.014_Samp_93
12.25	_EPS_0.014_Samp_95
12.25	_EPS_0.014_Samp_97
12.25	_EPS_0.014_Samp_99
12.0	_EPS_0.014_Samp_101
12.0	_EPS_0.014_Samp_103
12.0	_EPS_0.014_Samp_105
12.0	_EPS_0.014_Samp_107
12.0	_EPS_0.014_Samp_109
12.0	_EPS_0.014_Samp_111
12.0	_EPS_0.014_Samp_113
11.5	_EPS_0.014_Samp_115
11.5	_EPS_0.014_Samp_117
11.25	_EPS_0.014_Samp_119
11.0	_EPS_0.014_Samp_121
10.75	_EPS_0.014_Samp_123
10.75	_EPS_0.014_Samp_125
10.75	_EPS_0.014_Samp_127
10.75	_EPS_0.014_Samp_129
10.75	_EPS_0.014_Samp_131
10.75	_EPS_0.014_Samp_133
10.5	_EPS_0.014_Samp_135
10.5	_EPS_0.014_Samp_137
10.75	_EPS_0.014_Samp_139
10.5	_EPS_0.014_Samp_141
10.5	_EPS_0.014_Samp_143
10.5	_EPS_0.014_Samp_145
10.5	_EPS_0.014_Samp_147
10.5	_EPS_0.014_Samp_149
10.25	_EPS_0.014_Samp_151
9.75	_EPS_0.014_Samp_153
9.5	_EPS_0.014_Samp_155
9.5	_EPS_0.014_Samp_157
9.25	_EPS_0.014_Samp_159
9.25	_EPS_0.014_Samp_161
40.958333333333336	_EPS_0.016_Samp_3
29.666666666666668	_EPS_0.016_Samp_5
24.666666666666668	_EPS_0.016_Samp_7
21.166666666666668	_EPS_0.016_Samp_9
19.25	_EPS_0.016_Samp_11
17.166666666666668	_EPS_0.016_Samp_13
15.291666666666666	_EPS_0.016_Samp_15
38.75	_EPS_0.016_Samp_17
34.75	_EPS_0.016_Samp_19
31.5	_EPS_0.016_Samp_21
30.25	_EPS_0.016_Samp_23
28.75	_EPS_0.016_Samp_25
27.75	_EPS_0.016_Samp_27
27.25	_EPS_0.016_Samp_29
25.25	_EPS_0.016_Samp_31
24.25	_EPS_0.016_Samp_33
23.25	_EPS_0.016_Samp_35
22.5	_EPS_0.016_Samp_37
21.0	_EPS_0.016_Samp_39
20.0	_EPS_0.016_Samp_41
19.0	_EPS_0.016_Samp_43
18.75	_EPS_0.016_Samp_45
18.25	_EPS_0.016_Samp_47
17.75	_EPS_0.016_Samp_49
17.0	_EPS_0.016_Samp_51
16.75	_EPS_0.016_Samp_53
16.25	_EPS_0.016_Samp_55
15.5	_EPS_0.016_Samp_57
15.75	_EPS_0.016_Samp_59
15.5	_EPS_0.016_Samp_61
15.25	_EPS_0.016_Samp_63
15.25	_EPS_0.016_Samp_65
15.0	_EPS_0.016_Samp_67
14.5	_EPS_0.016_Samp_69
14.25	_EPS_0.016_Samp_71
14.25	_EPS_0.016_Samp_73
14.5	_EPS_0.016_Samp_75
13.75	_EPS_0.016_Samp_77
13.75	_EPS_0.016_Samp_79
13.5	_EPS_0.016_Samp_81
13.5	_EPS_0.016_Samp_83
13.25	_EPS_0.016_Samp_85
13.0	_EPS_0.016_Samp_87
13.0	_EPS_0.016_Samp_89
12.5	_EPS_0.016_Samp_91
12.5	_EPS_0.016_Samp_93
12.25	_EPS_0.016_Samp_95
12.25	_EPS_0.016_Samp_97
12.25	_EPS_0.016_Samp_99
12.0	_EPS_0.016_Samp_101
12.0	_EPS_0.016_Samp_103
12.0	_EPS_0.016_Samp_105
12.0	_EPS_0.016_Samp_107
12.0	_EPS_0.016_Samp_109
12.0	_EPS_0.016_Samp_111
12.0	_EPS_0.016_Samp_113
11.75	_EPS_0.016_Samp_115
11.75	_EPS_0.016_Samp_117
11.75	_EPS_0.016_Samp_119
11.25	_EPS_0.016_Samp_121
11.25	_EPS_0.016_Samp_123
11.25	_EPS_0.016_Samp_125
11.25	_EPS_0.016_Samp_127
11.25	_EPS_0.016_Samp_129
11.25	_EPS_0.016_Samp_131
11.25	_EPS_0.016_Samp_133
11.0	_EPS_0.016_Samp_135
10.75	_EPS_0.016_Samp_137
10.75	_EPS_0.016_Samp_139
10.75	_EPS_0.016_Samp_141
10.75	_EPS_0.016_Samp_143
10.75	_EPS_0.016_Samp_145
10.75	_EPS_0.016_Samp_147
10.5	_EPS_0.016_Samp_149
10.25	_EPS_0.016_Samp_151
10.0	_EPS_0.016_Samp_153
9.75	_EPS_0.016_Samp_155
9.75	_EPS_0.016_Samp_157
9.25	_EPS_0.016_Samp_159
9.25	_EPS_0.016_Samp_161
39.125	_EPS_0.018_Samp_3
28.208333333333332	_EPS_0.018_Samp_5
24.083333333333332	_EPS_0.018_Samp_7
20.875	_EPS_0.018_Samp_9
18.333333333333332	_EPS_0.018_Samp_11
16.875	_EPS_0.018_Samp_13
15.208333333333334	_EPS_0.018_Samp_15
38.5	_EPS_0.018_Samp_17
34.5	_EPS_0.018_Samp_19
31.5	_EPS_0.018_Samp_21
29.75	_EPS_0.018_Samp_23
28.75	_EPS_0.018_Samp_25
27.25	_EPS_0.018_Samp_27
26.5	_EPS_0.018_Samp_29
25.0	_EPS_0.018_Samp_31
23.25	_EPS_0.018_Samp_33
23.0	_EPS_0.018_Samp_35
21.75	_EPS_0.018_Samp_37
20.5	_EPS_0.018_Samp_39
19.5	_EPS_0.018_Samp_41
18.0	_EPS_0.018_Samp_43
17.5	_EPS_0.018_Samp_45
17.25	_EPS_0.018_Samp_47
17.0	_EPS_0.018_Samp_49
16.75	_EPS_0.018_Samp_51
15.75	_EPS_0.018_Samp_53
15.25	_EPS_0.018_Samp_55
14.75	_EPS_0.018_Samp_57
14.5	_EPS_0.018_Samp_59
14.5	_EPS_0.018_Samp_61
14.5	_EPS_0.018_Samp_63
14.5	_EPS_0.018_Samp_65
14.5	_EPS_0.018_Samp_67
14.5	_EPS_0.018_Samp_69
14.0	_EPS_0.018_Samp_71
14.0	_EPS_0.018_Samp_73
14.0	_EPS_0.018_Samp_75
14.0	_EPS_0.018_Samp_77
13.75	_EPS_0.018_Samp_79
13.75	_EPS_0.018_Samp_81
13.5	_EPS_0.018_Samp_83
13.5	_EPS_0.018_Samp_85
13.0	_EPS_0.018_Samp_87
13.0	_EPS_0.018_Samp_89
13.0	_EPS_0.018_Samp_91
12.5	_EPS_0.018_Samp_93
12.25	_EPS_0.018_Samp_95
12.25	_EPS_0.018_Samp_97
12.0	_EPS_0.018_Samp_99
11.75	_EPS_0.018_Samp_101
11.5	_EPS_0.018_Samp_103
11.5	_EPS_0.018_Samp_105
11.5	_EPS_0.018_Samp_107
11.5	_EPS_0.018_Samp_109
11.5	_EPS_0.018_Samp_111
11.5	_EPS_0.018_Samp_113
11.25	_EPS_0.018_Samp_115
11.25	_EPS_0.018_Samp_117
11.25	_EPS_0.018_Samp_119
11.0	_EPS_0.018_Samp_121
11.0	_EPS_0.018_Samp_123
11.0	_EPS_0.018_Samp_125
11.0	_EPS_0.018_Samp_127
10.75	_EPS_0.018_Samp_129
10.75	_EPS_0.018_Samp_131
11.0	_EPS_0.018_Samp_133
11.0	_EPS_0.018_Samp_135
10.75	_EPS_0.018_Samp_137
10.75	_EPS_0.018_Samp_139
10.75	_EPS_0.018_Samp_141
10.75	_EPS_0.018_Samp_143
10.75	_EPS_0.018_Samp_145
10.75	_EPS_0.018_Samp_147
10.5	_EPS_0.018_Samp_149
10.25	_EPS_0.018_Samp_151
10.0	_EPS_0.018_Samp_153
9.75	_EPS_0.018_Samp_155
9.5	_EPS_0.018_Samp_157
9.5	_EPS_0.018_Samp_159
9.25	_EPS_0.018_Samp_161
38.041666666666664	_EPS_0.02_Samp_3
26.708333333333332	_EPS_0.02_Samp_5
23.041666666666668	_EPS_0.02_Samp_7
20.375	_EPS_0.02_Samp_9
17.625	_EPS_0.02_Samp_11
16.166666666666668	_EPS_0.02_Samp_13
15.0	_EPS_0.02_Samp_15
38.25	_EPS_0.02_Samp_17
35.0	_EPS_0.02_Samp_19
32.25	_EPS_0.02_Samp_21
30.5	_EPS_0.02_Samp_23
29.25	_EPS_0.02_Samp_25
27.5	_EPS_0.02_Samp_27
27.0	_EPS_0.02_Samp_29
25.25	_EPS_0.02_Samp_31
24.75	_EPS_0.02_Samp_33
23.5	_EPS_0.02_Samp_35
22.25	_EPS_0.02_Samp_37
21.0	_EPS_0.02_Samp_39
19.5	_EPS_0.02_Samp_41
18.75	_EPS_0.02_Samp_43
18.25	_EPS_0.02_Samp_45
17.5	_EPS_0.02_Samp_47
17.0	_EPS_0.02_Samp_49
16.5	_EPS_0.02_Samp_51
16.0	_EPS_0.02_Samp_53
15.0	_EPS_0.02_Samp_55
14.75	_EPS_0.02_Samp_57
14.5	_EPS_0.02_Samp_59
14.5	_EPS_0.02_Samp_61
14.25	_EPS_0.02_Samp_63
14.25	_EPS_0.02_Samp_65
14.25	_EPS_0.02_Samp_67
14.5	_EPS_0.02_Samp_69
14.25	_EPS_0.02_Samp_71
14.0	_EPS_0.02_Samp_73
14.0	_EPS_0.02_Samp_75
13.5	_EPS_0.02_Samp_77
13.75	_EPS_0.02_Samp_79
13.75	_EPS_0.02_Samp_81
13.75	_EPS_0.02_Samp_83
13.75	_EPS_0.02_Samp_85
13.0	_EPS_0.02_Samp_87
13.0	_EPS_0.02_Samp_89
13.0	_EPS_0.02_Samp_91
13.0	_EPS_0.02_Samp_93
12.25	_EPS_0.02_Samp_95
12.25	_EPS_0.02_Samp_97
12.0	_EPS_0.02_Samp_99
11.75	_EPS_0.02_Samp_101
11.75	_EPS_0.02_Samp_103
11.5	_EPS_0.02_Samp_105
11.5	_EPS_0.02_Samp_107
11.25	_EPS_0.02_Samp_109
11.25	_EPS_0.02_Samp_111
11.25	_EPS_0.02_Samp_113
11.0	_EPS_0.02_Samp_115
11.0	_EPS_0.02_Samp_117
11.0	_EPS_0.02_Samp_119
10.75	_EPS_0.02_Samp_121
10.75	_EPS_0.02_Samp_123
10.75	_EPS_0.02_Samp_125
10.75	_EPS_0.02_Samp_127
10.75	_EPS_0.02_Samp_129
10.75	_EPS_0.02_Samp_131
10.5	_EPS_0.02_Samp_133
10.5	_EPS_0.02_Samp_135
10.25	_EPS_0.02_Samp_137
10.25	_EPS_0.02_Samp_139
10.5	_EPS_0.02_Samp_141
10.5	_EPS_0.02_Samp_143
10.5	_EPS_0.02_Samp_145
10.5	_EPS_0.02_Samp_147
10.5	_EPS_0.02_Samp_149
10.25	_EPS_0.02_Samp_151
10.25	_EPS_0.02_Samp_153
10.25	_EPS_0.02_Samp_155
9.75	_EPS_0.02_Samp_157
9.75	_EPS_0.02_Samp_159
9.75	_EPS_0.02_Samp_161
36.666666666666664	_EPS_0.022_Samp_3
25.791666666666668	_EPS_0.022_Samp_5
22.083333333333332	_EPS_0.022_Samp_7
19.5	_EPS_0.022_Samp_9
16.708333333333332	_EPS_0.022_Samp_11
15.333333333333334	_EPS_0.022_Samp_13
13.916666666666666	_EPS_0.022_Samp_15
35.25	_EPS_0.022_Samp_17
32.5	_EPS_0.022_Samp_19
30.0	_EPS_0.022_Samp_21
29.0	_EPS_0.022_Samp_23
28.25	_EPS_0.022_Samp_25
26.75	_EPS_0.022_Samp_27
26.0	_EPS_0.022_Samp_29
25.0	_EPS_0.022_Samp_31
24.0	_EPS_0.022_Samp_33
22.75	_EPS_0.022_Samp_35
22.0	_EPS_0.022_Samp_37
20.5	_EPS_0.022_Samp_39
19.25	_EPS_0.022_Samp_41
18.5	_EPS_0.022_Samp_43
17.75	_EPS_0.022_Samp_45
17.75	_EPS_0.022_Samp_47
16.75	_EPS_0.022_Samp_49
16.25	_EPS_0.022_Samp_51
16.0	_EPS_0.022_Samp_53
15.75	_EPS_0.022_Samp_55
15.0	_EPS_0.022_Samp_57
14.75	_EPS_0.022_Samp_59
14.75	_EPS_0.022_Samp_61
14.25	_EPS_0.022_Samp_63
14.0	_EPS_0.022_Samp_65
14.0	_EPS_0.022_Samp_67
14.0	_EPS_0.022_Samp_69
14.0	_EPS_0.022_Samp_71
14.0	_EPS_0.022_Samp_73
14.0	_EPS_0.022_Samp_75
13.25	_EPS_0.022_Samp_77
13.0	_EPS_0.022_Samp_79
12.75	_EPS_0.022_Samp_81
12.75	_EPS_0.022_Samp_83
12.75	_EPS_0.022_Samp_85
12.25	_EPS_0.022_Samp_87
12.25	_EPS_0.022_Samp_89
12.25	_EPS_0.022_Samp_91
12.25	_EPS_0.022_Samp_93
12.5	_EPS_0.022_Samp_95
12.0	_EPS_0.022_Samp_97
12.0	_EPS_0.022_Samp_99
11.25	_EPS_0.022_Samp_101
11.0	_EPS_0.022_Samp_103
11.0	_EPS_0.022_Samp_105
11.0	_EPS_0.022_Samp_107
11.0	_EPS_0.022_Samp_109
10.75	_EPS_0.022_Samp_111
10.75	_EPS_0.022_Samp_113
10.5	_EPS_0.022_Samp_115
10.25	_EPS_0.022_Samp_117
10.25	_EPS_0.022_Samp_119
10.0	_EPS_0.022_Samp_121
10.0	_EPS_0.022_Samp_123
10.0	_EPS_0.022_Samp_125
10.0	_EPS_0.022_Samp_127
10.0	_EPS_0.022_Samp_129
10.0	_EPS_0.022_Samp_131
10.0	_EPS_0.022_Samp_133
10.0	_EPS_0.022_Samp_135
9.75	_EPS_0.022_Samp_137
9.5	_EPS_0.022_Samp_139
9.5	_EPS_0.022_Samp_141
9.5	_EPS_0.022_Samp_143
9.5	_EPS_0.022_Samp_145
9.5	_EPS_0.022_Samp_147
9.5	_EPS_0.022_Samp_149
9.25	_EPS_0.022_Samp_151
9.0	_EPS_0.022_Samp_153
9.25	_EPS_0.022_Samp_155
9.25	_EPS_0.022_Samp_157
9.25	_EPS_0.022_Samp_159
9.25	_EPS_0.022_Samp_161
34.333333333333336	_EPS_0.024_Samp_3
24.375	_EPS_0.024_Samp_5
21.25	_EPS_0.024_Samp_7
18.708333333333332	_EPS_0.024_Samp_9
16.541666666666668	_EPS_0.024_Samp_11
14.708333333333334	_EPS_0.024_Samp_13
13.333333333333334	_EPS_0.024_Samp_15
33.75	_EPS_0.024_Samp_17
30.0	_EPS_0.024_Samp_19
28.75	_EPS_0.024_Samp_21
27.25	_EPS_0.024_Samp_23
25.5	_EPS_0.024_Samp_25
25.5	_EPS_0.024_Samp_27
24.0	_EPS_0.024_Samp_29
23.25	_EPS_0.024_Samp_31
23.25	_EPS_0.024_Samp_33
21.25	_EPS_0.024_Samp_35
20.5	_EPS_0.024_Samp_37
20.0	_EPS_0.024_Samp_39
18.75	_EPS_0.024_Samp_41
18.0	_EPS_0.024_Samp_43
17.5	_EPS_0.024_Samp_45
17.5	_EPS_0.024_Samp_47
16.75	_EPS_0.024_Samp_49
16.0	_EPS_0.024_Samp_51
15.5	_EPS_0.024_Samp_53
15.0	_EPS_0.024_Samp_55
14.75	_EPS_0.024_Samp_57
14.5	_EPS_0.024_Samp_59
14.25	_EPS_0.024_Samp_61
14.0	_EPS_0.024_Samp_63
13.75	_EPS_0.024_Samp_65
13.75	_EPS_0.024_Samp_67
13.75	_EPS_0.024_Samp_69
13.75	_EPS_0.024_Samp_71
14.0	_EPS_0.024_Samp_73
14.0	_EPS_0.024_Samp_75
13.5	_EPS_0.024_Samp_77
13.25	_EPS_0.024_Samp_79
13.0	_EPS_0.024_Samp_81
13.0	_EPS_0.024_Samp_83
13.25	_EPS_0.024_Samp_85
13.0	_EPS_0.024_Samp_87
13.0	_EPS_0.024_Samp_89
12.5	_EPS_0.024_Samp_91
12.25	_EPS_0.024_Samp_93
12.25	_EPS_0.024_Samp_95
12.0	_EPS_0.024_Samp_97
11.5	_EPS_0.024_Samp_99
11.0	_EPS_0.024_Samp_101
11.0	_EPS_0.024_Samp_103
11.0	_EPS_0.024_Samp_105
11.0	_EPS_0.024_Samp_107
11.0	_EPS_0.024_Samp_109
11.0	_EPS_0.024_Samp_111
10.75	_EPS_0.024_Samp_113
10.75	_EPS_0.024_Samp_115
10.75	_EPS_0.024_Samp_117
10.5	_EPS_0.024_Samp_119
10.25	_EPS_0.024_Samp_121
9.75	_EPS_0.024_Samp_123
9.75	_EPS_0.024_Samp_125
9.75	_EPS_0.024_Samp_127
9.75	_EPS_0.024_Samp_129
9.75	_EPS_0.024_Samp_131
9.75	_EPS_0.024_Samp_133
9.75	_EPS_0.024_Samp_135
9.75	_EPS_0.024_Samp_137
9.25	_EPS_0.024_Samp_139
9.25	_EPS_0.024_Samp_141
9.25	_EPS_0.024_Samp_143
9.25	_EPS_0.024_Samp_145
9.25	_EPS_0.024_Samp_147
9.25	_EPS_0.024_Samp_149
9.0	_EPS_0.024_Samp_151
8.75	_EPS_0.024_Samp_153
8.75	_EPS_0.024_Samp_155
8.75	_EPS_0.024_Samp_157
8.75	_EPS_0.024_Samp_159
8.75	_EPS_0.024_Samp_161
32.291666666666664	_EPS_0.026_Samp_3
23.583333333333332	_EPS_0.026_Samp_5
19.958333333333332	_EPS_0.026_Samp_7
18.125	_EPS_0.026_Samp_9
16.041666666666668	_EPS_0.026_Samp_11
14.291666666666666	_EPS_0.026_Samp_13
13.25	_EPS_0.026_Samp_15
33.0	_EPS_0.026_Samp_17
30.25	_EPS_0.026_Samp_19
28.5	_EPS_0.026_Samp_21
27.0	_EPS_0.026_Samp_23
25.75	_EPS_0.026_Samp_25
24.5	_EPS_0.026_Samp_27
22.25	_EPS_0.026_Samp_29
21.5	_EPS_0.026_Samp_31
21.25	_EPS_0.026_Samp_33
20.5	_EPS_0.026_Samp_35
20.25	_EPS_0.026_Samp_37
19.0	_EPS_0.026_Samp_39
18.25	_EPS_0.026_Samp_41
17.75	_EPS_0.026_Samp_43
17.5	_EPS_0.026_Samp_45
17.0	_EPS_0.026_Samp_47
16.25	_EPS_0.026_Samp_49
15.5	_EPS_0.026_Samp_51
15.0	_EPS_0.026_Samp_53
14.75	_EPS_0.026_Samp_55
15.25	_EPS_0.026_Samp_57
14.75	_EPS_0.026_Samp_59
14.25	_EPS_0.026_Samp_61
13.75	_EPS_0.026_Samp_63
13.75	_EPS_0.026_Samp_65
13.5	_EPS_0.026_Samp_67
13.5	_EPS_0.026_Samp_69
13.5	_EPS_0.026_Samp_71
13.25	_EPS_0.026_Samp_73
13.25	_EPS_0.026_Samp_75
12.5	_EPS_0.026_Samp_77
12.25	_EPS_0.026_Samp_79
12.75	_EPS_0.026_Samp_81
12.5	_EPS_0.026_Samp_83
12.5	_EPS_0.026_Samp_85
12.0	_EPS_0.026_Samp_87
12.25	_EPS_0.026_Samp_89
12.25	_EPS_0.026_Samp_91
12.0	_EPS_0.026_Samp_93
12.0	_EPS_0.026_Samp_95
11.5	_EPS_0.026_Samp_97
11.0	_EPS_0.026_Samp_99
10.75	_EPS_0.026_Samp_101
10.5	_EPS_0.026_Samp_103
10.5	_EPS_0.026_Samp_105
10.5	_EPS_0.026_Samp_107
10.5	_EPS_0.026_Samp_109
10.5	_EPS_0.026_Samp_111
10.5	_EPS_0.026_Samp_113
10.5	_EPS_0.026_Samp_115
10.5	_EPS_0.026_Samp_117
10.5	_EPS_0.026_Samp_119
10.25	_EPS_0.026_Samp_121
9.75	_EPS_0.026_Samp_123
10.0	_EPS_0.026_Samp_125
10.0	_EPS_0.026_Samp_127
9.75	_EPS_0.026_Samp_129
9.5	_EPS_0.026_Samp_131
9.5	_EPS_0.026_Samp_133
9.5	_EPS_0.026_Samp_135
9.5	_EPS_0.026_Samp_137
9.25	_EPS_0.026_Samp_139
9.25	_EPS_0.026_Samp_141
9.25	_EPS_0.026_Samp_143
9.25	_EPS_0.026_Samp_145
9.25	_EPS_0.026_Samp_147
9.25	_EPS_0.026_Samp_149
9.0	_EPS_0.026_Samp_151
8.75	_EPS_0.026_Samp_153
8.75	_EPS_0.026_Samp_155
8.75	_EPS_0.026_Samp_157
8.75	_EPS_0.026_Samp_159
8.75	_EPS_0.026_Samp_161
30.75	_EPS_0.028_Samp_3
22.666666666666668	_EPS_0.028_Samp_5
19.5	_EPS_0.028_Samp_7
17.583333333333332	_EPS_0.028_Samp_9
15.5	_EPS_0.028_Samp_11
14.125	_EPS_0.028_Samp_13
13.083333333333334	_EPS_0.028_Samp_15
31.5	_EPS_0.028_Samp_17
29.0	_EPS_0.028_Samp_19
27.25	_EPS_0.028_Samp_21
26.75	_EPS_0.028_Samp_23
25.5	_EPS_0.028_Samp_25
24.75	_EPS_0.028_Samp_27
22.5	_EPS_0.028_Samp_29
21.0	_EPS_0.028_Samp_31
20.5	_EPS_0.028_Samp_33
20.25	_EPS_0.028_Samp_35
19.5	_EPS_0.028_Samp_37
18.5	_EPS_0.028_Samp_39
17.5	_EPS_0.028_Samp_41
17.0	_EPS_0.028_Samp_43
16.75	_EPS_0.028_Samp_45
16.75	_EPS_0.028_Samp_47
16.5	_EPS_0.028_Samp_49
16.0	_EPS_0.028_Samp_51
14.75	_EPS_0.028_Samp_53
14.25	_EPS_0.028_Samp_55
14.25	_EPS_0.028_Samp_57
13.75	_EPS_0.028_Samp_59
13.25	_EPS_0.028_Samp_61
13.5	_EPS_0.028_Samp_63
13.5	_EPS_0.028_Samp_65
13.75	_EPS_0.028_Samp_67
13.5	_EPS_0.028_Samp_69
13.25	_EPS_0.028_Samp_71
13.0	_EPS_0.028_Samp_73
13.0	_EPS_0.028_Samp_75
12.5	_EPS_0.028_Samp_77
12.25	_EPS_0.028_Samp_79
12.0	_EPS_0.028_Samp_81
11.75	_EPS_0.028_Samp_83
11.75	_EPS_0.028_Samp_85
11.5	_EPS_0.028_Samp_87
11.75	_EPS_0.028_Samp_89
12.0	_EPS_0.028_Samp_91
11.75	_EPS_0.028_Samp_93
11.75	_EPS_0.028_Samp_95
11.5	_EPS_0.028_Samp_97
11.0	_EPS_0.028_Samp_99
10.5	_EPS_0.028_Samp_101
10.5	_EPS_0.028_Samp_103
10.25	_EPS_0.028_Samp_105
10.25	_EPS_0.028_Samp_107
10.25	_EPS_0.028_Samp_109
10.25	_EPS_0.028_Samp_111
10.25	_EPS_0.028_Samp_113
10.25	_EPS_0.028_Samp_115
10.25	_EPS_0.028_Samp_117
10.25	_EPS_0.028_Samp_119
10.25	_EPS_0.028_Samp_121
10.25	_EPS_0.028_Samp_123
10.0	_EPS_0.028_Samp_125
9.75	_EPS_0.028_Samp_127
9.75	_EPS_0.028_Samp_129
9.75	_EPS_0.028_Samp_131
9.5	_EPS_0.028_Samp_133
9.5	_EPS_0.028_Samp_135
9.25	_EPS_0.028_Samp_137
9.25	_EPS_0.028_Samp_139
9.0	_EPS_0.028_Samp_141
9.0	_EPS_0.028_Samp_143
9.25	_EPS_0.028_Samp_145
9.25	_EPS_0.028_Samp_147
9.25	_EPS_0.028_Samp_149
9.25	_EPS_0.028_Samp_151
8.75	_EPS_0.028_Samp_153
8.75	_EPS_0.028_Samp_155
8.75	_EPS_0.028_Samp_157
8.75	_EPS_0.028_Samp_159
8.75	_EPS_0.028_Samp_161
30.041666666666668	_EPS_0.03_Samp_3
22.208333333333332	_EPS_0.03_Samp_5
18.708333333333332	_EPS_0.03_Samp_7
16.708333333333332	_EPS_0.03_Samp_9
14.916666666666666	_EPS_0.03_Samp_11
13.791666666666666	_EPS_0.03_Samp_13
12.708333333333334	_EPS_0.03_Samp_15
30.0	_EPS_0.03_Samp_17
28.0	_EPS_0.03_Samp_19
26.75	_EPS_0.03_Samp_21
25.75	_EPS_0.03_Samp_23
24.5	_EPS_0.03_Samp_25
24.0	_EPS_0.03_Samp_27
22.5	_EPS_0.03_Samp_29
21.75	_EPS_0.03_Samp_31
21.25	_EPS_0.03_Samp_33
20.75	_EPS_0.03_Samp_35
19.75	_EPS_0.03_Samp_37
19.25	_EPS_0.03_Samp_39
18.0	_EPS_0.03_Samp_41
17.0	_EPS_0.03_Samp_43
17.0	_EPS_0.03_Samp_45
17.0	_EPS_0.03_Samp_47
16.75	_EPS_0.03_Samp_49
16.25	_EPS_0.03_Samp_51
15.5	_EPS_0.03_Samp_53
15.0	_EPS_0.03_Samp_55
14.75	_EPS_0.03_Samp_57
14.5	_EPS_0.03_Samp_59
14.0	_EPS_0.03_Samp_61
13.25	_EPS_0.03_Samp_63
12.75	_EPS_0.03_Samp_65
13.5	_EPS_0.03_Samp_67
13.25	_EPS_0.03_Samp_69
13.25	_EPS_0.03_Samp_71
12.75	_EPS_0.03_Samp_73
12.75	_EPS_0.03_Samp_75
12.5	_EPS_0.03_Samp_77
12.5	_EPS_0.03_Samp_79
12.25	_EPS_0.03_Samp_81
11.5	_EPS_0.03_Samp_83
11.5	_EPS_0.03_Samp_85
11.25	_EPS_0.03_Samp_87
11.5	_EPS_0.03_Samp_89
11.25	_EPS_0.03_Samp_91
11.25	_EPS_0.03_Samp_93
11.25	_EPS_0.03_Samp_95
11.0	_EPS_0.03_Samp_97
10.75	_EPS_0.03_Samp_99
10.5	_EPS_0.03_Samp_101
10.5	_EPS_0.03_Samp_103
10.5	_EPS_0.03_Samp_105
10.0	_EPS_0.03_Samp_107
10.0	_EPS_0.03_Samp_109
10.0	_EPS_0.03_Samp_111
10.0	_EPS_0.03_Samp_113
10.0	_EPS_0.03_Samp_115
10.0	_EPS_0.03_Samp_117
10.0	_EPS_0.03_Samp_119
10.0	_EPS_0.03_Samp_121
10.0	_EPS_0.03_Samp_123
9.75	_EPS_0.03_Samp_125
9.75	_EPS_0.03_Samp_127
9.75	_EPS_0.03_Samp_129
9.5	_EPS_0.03_Samp_131
9.5	_EPS_0.03_Samp_133
9.5	_EPS_0.03_Samp_135
9.25	_EPS_0.03_Samp_137
9.25	_EPS_0.03_Samp_139
9.0	_EPS_0.03_Samp_141
9.0	_EPS_0.03_Samp_143
8.75	_EPS_0.03_Samp_145
9.0	_EPS_0.03_Samp_147
9.0	_EPS_0.03_Samp_149
9.0	_EPS_0.03_Samp_151
8.75	_EPS_0.03_Samp_153
8.5	_EPS_0.03_Samp_155
8.5	_EPS_0.03_Samp_157
8.5	_EPS_0.03_Samp_159
8.5	_EPS_0.03_Samp_161
29.625	_EPS_0.032_Samp_3
22.125	_EPS_0.032_Samp_5
18.333333333333332	_EPS_0.032_Samp_7
16.375	_EPS_0.032_Samp_9
14.833333333333334	_EPS_0.032_Samp_11
13.708333333333334	_EPS_0.032_Samp_13
12.5	_EPS_0.032_Samp_15
28.0	_EPS_0.032_Samp_17
26.0	_EPS_0.032_Samp_19
25.0	_EPS_0.032_Samp_21
25.0	_EPS_0.032_Samp_23
23.75	_EPS_0.032_Samp_25
23.25	_EPS_0.032_Samp_27
22.5	_EPS_0.032_Samp_29
21.75	_EPS_0.032_Samp_31
21.0	_EPS_0.032_Samp_33
20.75	_EPS_0.032_Samp_35
20.25	_EPS_0.032_Samp_37
19.75	_EPS_0.032_Samp_39
18.5	_EPS_0.032_Samp_41
17.25	_EPS_0.032_Samp_43
16.75	_EPS_0.032_Samp_45
17.0	_EPS_0.032_Samp_47
17.0	_EPS_0.032_Samp_49
17.0	_EPS_0.032_Samp_51
16.25	_EPS_0.032_Samp_53
16.0	_EPS_0.032_Samp_55
15.5	_EPS_0.032_Samp_57
15.0	_EPS_0.032_Samp_59
14.5	_EPS_0.032_Samp_61
14.0	_EPS_0.032_Samp_63
13.75	_EPS_0.032_Samp_65
13.75	_EPS_0.032_Samp_67
14.0	_EPS_0.032_Samp_69
13.75	_EPS_0.032_Samp_71
13.25	_EPS_0.032_Samp_73
13.0	_EPS_0.032_Samp_75
12.5	_EPS_0.032_Samp_77
12.5	_EPS_0.032_Samp_79
12.5	_EPS_0.032_Samp_81
11.75	_EPS_0.032_Samp_83
11.75	_EPS_0.032_Samp_85
11.25	_EPS_0.032_Samp_87
11.25	_EPS_0.032_Samp_89
11.0	_EPS_0.032_Samp_91
11.25	_EPS_0.032_Samp_93
11.25	_EPS_0.032_Samp_95
11.25	_EPS_0.032_Samp_97
11.0	_EPS_0.032_Samp_99
10.5	_EPS_0.032_Samp_101
10.25	_EPS_0.032_Samp_103
10.25	_EPS_0.032_Samp_105
10.0	_EPS_0.032_Samp_107
10.0	_EPS_0.032_Samp_109
10.25	_EPS_0.032_Samp_111
10.25	_EPS_0.032_Samp_113
10.25	_EPS_0.032_Samp_115
10.25	_EPS_0.032_Samp_117
10.25	_EPS_0.032_Samp_119
10.25	_EPS_0.032_Samp_121
10.25	_EPS_0.032_Samp_123
10.25	_EPS_0.032_Samp_125
10.0	_EPS_0.032_Samp_127
10.0	_EPS_0.032_Samp_129
9.75	_EPS_0.032_Samp_131
9.75	_EPS_0.032_Samp_133
9.5	_EPS_0.032_Samp_135
9.5	_EPS_0.032_Samp_137
9.25	_EPS_0.032_Samp_139
9.0	_EPS_0.032_Samp_141
9.0	_EPS_0.032_Samp_143
9.0	_EPS_0.032_Samp_145
9.0	_EPS_0.032_Samp_147
9.0	_EPS_0.032_Samp_149
9.0	_EPS_0.032_Samp_151
8.75	_EPS_0.032_Samp_153
8.75	_EPS_0.032_Samp_155
8.75	_EPS_0.032_Samp_157
8.75	_EPS_0.032_Samp_159
8.75	_EPS_0.032_Samp_161
28.583333333333332	_EPS_0.034_Samp_3
21.083333333333332	_EPS_0.034_Samp_5
17.5	_EPS_0.034_Samp_7
15.958333333333334	_EPS_0.034_Samp_9
14.125	_EPS_0.034_Samp_11
13.416666666666666	_EPS_0.034_Samp_13
12.375	_EPS_0.034_Samp_15
27.25	_EPS_0.034_Samp_17
25.25	_EPS_0.034_Samp_19
24.25	_EPS_0.034_Samp_21
23.5	_EPS_0.034_Samp_23
23.0	_EPS_0.034_Samp_25
22.5	_EPS_0.034_Samp_27
21.25	_EPS_0.034_Samp_29
21.25	_EPS_0.034_Samp_31
20.25	_EPS_0.034_Samp_33
20.0	_EPS_0.034_Samp_35
20.0	_EPS_0.034_Samp_37
19.25	_EPS_0.034_Samp_39
18.0	_EPS_0.034_Samp_41
17.0	_EPS_0.034_Samp_43
16.5	_EPS_0.034_Samp_45
16.25	_EPS_0.034_Samp_47
16.0	_EPS_0.034_Samp_49
16.0	_EPS_0.034_Samp_51
15.25	_EPS_0.034_Samp_53
15.5	_EPS_0.034_Samp_55
15.25	_EPS_0.034_Samp_57
14.5	_EPS_0.034_Samp_59
14.25	_EPS_0.034_Samp_61
13.5	_EPS_0.034_Samp_63
13.5	_EPS_0.034_Samp_65
13.25	_EPS_0.034_Samp_67
13.25	_EPS_0.034_Samp_69
13.0	_EPS_0.034_Samp_71
12.75	_EPS_0.034_Samp_73
12.75	_EPS_0.034_Samp_75
12.25	_EPS_0.034_Samp_77
12.0	_EPS_0.034_Samp_79
12.25	_EPS_0.034_Samp_81
12.0	_EPS_0.034_Samp_83
11.75	_EPS_0.034_Samp_85
11.5	_EPS_0.034_Samp_87
11.5	_EPS_0.034_Samp_89
11.25	_EPS_0.034_Samp_91
11.25	_EPS_0.034_Samp_93
11.5	_EPS_0.034_Samp_95
11.5	_EPS_0.034_Samp_97
10.75	_EPS_0.034_Samp_99
10.5	_EPS_0.034_Samp_101
10.25	_EPS_0.034_Samp_103
10.25	_EPS_0.034_Samp_105
10.25	_EPS_0.034_Samp_107
10.0	_EPS_0.034_Samp_109
10.0	_EPS_0.034_Samp_111
10.0	_EPS_0.034_Samp_113
10.0	_EPS_0.034_Samp_115
10.0	_EPS_0.034_Samp_117
10.25	_EPS_0.034_Samp_119
10.25	_EPS_0.034_Samp_121
10.25	_EPS_0.034_Samp_123
10.25	_EPS_0.034_Samp_125
10.0	_EPS_0.034_Samp_127
10.0	_EPS_0.034_Samp_129
9.75	_EPS_0.034_Samp_131
9.75	_EPS_0.034_Samp_133
9.75	_EPS_0.034_Samp_135
9.5	_EPS_0.034_Samp_137
9.5	_EPS_0.034_Samp_139
9.0	_EPS_0.034_Samp_141
9.0	_EPS_0.034_Samp_143
9.0	_EPS_0.034_Samp_145
9.0	_EPS_0.034_Samp_147
9.0	_EPS_0.034_Samp_149
9.0	_EPS_0.034_Samp_151
8.75	_EPS_0.034_Samp_153
8.75	_EPS_0.034_Samp_155
8.75	_EPS_0.034_Samp_157
8.75	_EPS_0.034_Samp_159
8.75	_EPS_0.034_Samp_161
26.875	_EPS_0.036_Samp_3
20.5	_EPS_0.036_Samp_5
17.125	_EPS_0.036_Samp_7
15.291666666666666	_EPS_0.036_Samp_9
13.666666666666666	_EPS_0.036_Samp_11
13.208333333333334	_EPS_0.036_Samp_13
12.166666666666666	_EPS_0.036_Samp_15
26.5	_EPS_0.036_Samp_17
24.75	_EPS_0.036_Samp_19
23.0	_EPS_0.036_Samp_21
22.75	_EPS_0.036_Samp_23
22.25	_EPS_0.036_Samp_25
21.5	_EPS_0.036_Samp_27
20.0	_EPS_0.036_Samp_29
19.75	_EPS_0.036_Samp_31
19.25	_EPS_0.036_Samp_33
18.75	_EPS_0.036_Samp_35
18.5	_EPS_0.036_Samp_37
18.0	_EPS_0.036_Samp_39
18.0	_EPS_0.036_Samp_41
16.5	_EPS_0.036_Samp_43
16.0	_EPS_0.036_Samp_45
16.0	_EPS_0.036_Samp_47
16.5	_EPS_0.036_Samp_49
16.0	_EPS_0.036_Samp_51
15.5	_EPS_0.036_Samp_53
15.5	_EPS_0.036_Samp_55
15.0	_EPS_0.036_Samp_57
14.5	_EPS_0.036_Samp_59
14.25	_EPS_0.036_Samp_61
14.0	_EPS_0.036_Samp_63
13.25	_EPS_0.036_Samp_65
13.0	_EPS_0.036_Samp_67
13.0	_EPS_0.036_Samp_69
13.0	_EPS_0.036_Samp_71
12.75	_EPS_0.036_Samp_73
12.75	_EPS_0.036_Samp_75
12.5	_EPS_0.036_Samp_77
12.5	_EPS_0.036_Samp_79
12.25	_EPS_0.036_Samp_81
11.75	_EPS_0.036_Samp_83
11.5	_EPS_0.036_Samp_85
11.25	_EPS_0.036_Samp_87
11.25	_EPS_0.036_Samp_89
11.25	_EPS_0.036_Samp_91
11.0	_EPS_0.036_Samp_93
11.0	_EPS_0.036_Samp_95
11.0	_EPS_0.036_Samp_97
10.75	_EPS_0.036_Samp_99
10.25	_EPS_0.036_Samp_101
10.0	_EPS_0.036_Samp_103
10.0	_EPS_0.036_Samp_105
10.0	_EPS_0.036_Samp_107
9.75	_EPS_0.036_Samp_109
9.75	_EPS_0.036_Samp_111
9.75	_EPS_0.036_Samp_113
9.75	_EPS_0.036_Samp_115
9.75	_EPS_0.036_Samp_117
10.0	_EPS_0.036_Samp_119
10.25	_EPS_0.036_Samp_121
10.25	_EPS_0.036_Samp_123
10.25	_EPS_0.036_Samp_125
10.0	_EPS_0.036_Samp_127
10.0	_EPS_0.036_Samp_129
9.75	_EPS_0.036_Samp_131
10.0	_EPS_0.036_Samp_133
10.0	_EPS_0.036_Samp_135
9.75	_EPS_0.036_Samp_137
9.75	_EPS_0.036_Samp_139
9.5	_EPS_0.036_Samp_141
9.25	_EPS_0.036_Samp_143
9.25	_EPS_0.036_Samp_145
9.25	_EPS_0.036_Samp_147
9.25	_EPS_0.036_Samp_149
9.25	_EPS_0.036_Samp_151
9.0	_EPS_0.036_Samp_153
9.0	_EPS_0.036_Samp_155
9.0	_EPS_0.036_Samp_157
9.0	_EPS_0.036_Samp_159
9.0	_EPS_0.036_Samp_161
25.875	_EPS_0.038_Samp_3
19.916666666666668	_EPS_0.038_Samp_5
16.791666666666668	_EPS_0.038_Samp_7
14.833333333333334	_EPS_0.038_Samp_9
13.041666666666666	_EPS_0.038_Samp_11
12.833333333333334	_EPS_0.038_Samp_13
11.791666666666666	_EPS_0.038_Samp_15
24.25	_EPS_0.038_Samp_17
23.25	_EPS_0.038_Samp_19
22.25	_EPS_0.038_Samp_21
21.0	_EPS_0.038_Samp_23
21.25	_EPS_0.038_Samp_25
20.75	_EPS_0.038_Samp_27
19.0	_EPS_0.038_Samp_29
18.75	_EPS_0.038_Samp_31
18.75	_EPS_0.038_Samp_33
17.75	_EPS_0.038_Samp_35
17.75	_EPS_0.038_Samp_37
17.75	_EPS_0.038_Samp_39
17.0	_EPS_0.038_Samp_41
16.25	_EPS_0.038_Samp_43
16.5	_EPS_0.038_Samp_45
16.25	_EPS_0.038_Samp_47
16.25	_EPS_0.038_Samp_49
15.75	_EPS_0.038_Samp_51
15.0	_EPS_0.038_Samp_53
14.75	_EPS_0.038_Samp_55
14.5	_EPS_0.038_Samp_57
14.0	_EPS_0.038_Samp_59
13.75	_EPS_0.038_Samp_61
13.75	_EPS_0.038_Samp_63
13.25	_EPS_0.038_Samp_65
13.0	_EPS_0.038_Samp_67
13.0	_EPS_0.038_Samp_69
13.0	_EPS_0.038_Samp_71
12.5	_EPS_0.038_Samp_73
12.5	_EPS_0.038_Samp_75
12.5	_EPS_0.038_Samp_77
12.25	_EPS_0.038_Samp_79
12.25	_EPS_0.038_Samp_81
11.75	_EPS_0.038_Samp_83
11.75	_EPS_0.038_Samp_85
11.25	_EPS_0.038_Samp_87
11.25	_EPS_0.038_Samp_89
11.25	_EPS_0.038_Samp_91
11.25	_EPS_0.038_Samp_93
10.75	_EPS_0.038_Samp_95
10.75	_EPS_0.038_Samp_97
10.5	_EPS_0.038_Samp_99
10.25	_EPS_0.038_Samp_101
10.25	_EPS_0.038_Samp_103
10.0	_EPS_0.038_Samp_105
9.75	_EPS_0.038_Samp_107
9.5	_EPS_0.038_Samp_109
9.5	_EPS_0.038_Samp_111
9.5	_EPS_0.038_Samp_113
9.5	_EPS_0.038_Samp_115
9.5	_EPS_0.038_Samp_117
9.5	_EPS_0.038_Samp_119
9.5	_EPS_0.038_Samp_121
9.5	_EPS_0.038_Samp_123
9.75	_EPS_0.038_Samp_125
10.0	_EPS_0.038_Samp_127
9.75	_EPS_0.038_Samp_129
9.75	_EPS_0.038_Samp_131
9.75	_EPS_0.038_Samp_133
9.75	_EPS_0.038_Samp_135
9.75	_EPS_0.038_Samp_137
9.5	_EPS_0.038_Samp_139
9.25	_EPS_0.038_Samp_141
9.25	_EPS_0.038_Samp_143
9.5	_EPS_0.038_Samp_145
9.25	_EPS_0.038_Samp_147
9.25	_EPS_0.038_Samp_149
9.25	_EPS_0.038_Samp_151
9.0	_EPS_0.038_Samp_153
9.0	_EPS_0.038_Samp_155
9.0	_EPS_0.038_Samp_157
9.0	_EPS_0.038_Samp_159
9.0	_EPS_0.038_Samp_161
24.916666666666668	_EPS_0.04_Samp_3
19.583333333333332	_EPS_0.04_Samp_5
16.541666666666668	_EPS_0.04_Samp_7
14.833333333333334	_EPS_0.04_Samp_9
12.833333333333334	_EPS_0.04_Samp_11
12.541666666666666	_EPS_0.04_Samp_13
11.625	_EPS_0.04_Samp_15
22.0	_EPS_0.04_Samp_17
21.0	_EPS_0.04_Samp_19
20.5	_EPS_0.04_Samp_21
19.75	_EPS_0.04_Samp_23
19.75	_EPS_0.04_Samp_25
19.75	_EPS_0.04_Samp_27
19.0	_EPS_0.04_Samp_29
18.0	_EPS_0.04_Samp_31
17.75	_EPS_0.04_Samp_33
17.5	_EPS_0.04_Samp_35
17.25	_EPS_0.04_Samp_37
17.0	_EPS_0.04_Samp_39
16.25	_EPS_0.04_Samp_41
15.5	_EPS_0.04_Samp_43
15.0	_EPS_0.04_Samp_45
15.25	_EPS_0.04_Samp_47
15.5	_EPS_0.04_Samp_49
15.5	_EPS_0.04_Samp_51
15.0	_EPS_0.04_Samp_53
15.0	_EPS_0.04_Samp_55
14.25	_EPS_0.04_Samp_57
13.75	_EPS_0.04_Samp_59
13.75	_EPS_0.04_Samp_61
13.5	_EPS_0.04_Samp_63
13.25	_EPS_0.04_Samp_65
13.25	_EPS_0.04_Samp_67
13.0	_EPS_0.04_Samp_69
13.0	_EPS_0.04_Samp_71
12.75	_EPS_0.04_Samp_73
12.5	_EPS_0.04_Samp_75
12.5	_EPS_0.04_Samp_77
12.25	_EPS_0.04_Samp_79
12.25	_EPS_0.04_Samp_81
12.0	_EPS_0.04_Samp_83
12.0	_EPS_0.04_Samp_85
11.75	_EPS_0.04_Samp_87
11.5	_EPS_0.04_Samp_89
11.5	_EPS_0.04_Samp_91
11.25	_EPS_0.04_Samp_93
11.0	_EPS_0.04_Samp_95
11.0	_EPS_0.04_Samp_97
10.75	_EPS_0.04_Samp_99
10.5	_EPS_0.04_Samp_101
10.25	_EPS_0.04_Samp_103
10.25	_EPS_0.04_Samp_105
10.0	_EPS_0.04_Samp_107
9.75	_EPS_0.04_Samp_109
9.5	_EPS_0.04_Samp_111
9.5	_EPS_0.04_Samp_113
9.5	_EPS_0.04_Samp_115
9.5	_EPS_0.04_Samp_117
9.5	_EPS_0.04_Samp_119
9.5	_EPS_0.04_Samp_121
9.5	_EPS_0.04_Samp_123
9.5	_EPS_0.04_Samp_125
9.5	_EPS_0.04_Samp_127
9.75	_EPS_0.04_Samp_129
9.75	_EPS_0.04_Samp_131
9.75	_EPS_0.04_Samp_133
9.75	_EPS_0.04_Samp_135
9.75	_EPS_0.04_Samp_137
9.75	_EPS_0.04_Samp_139
9.75	_EPS_0.04_Samp_141
9.5	_EPS_0.04_Samp_143
9.5	_EPS_0.04_Samp_145
9.25	_EPS_0.04_Samp_147
9.25	_EPS_0.04_Samp_149
9.25	_EPS_0.04_Samp_151
9.25	_EPS_0.04_Samp_153
9.0	_EPS_0.04_Samp_155
9.0	_EPS_0.04_Samp_157
9.0	_EPS_0.04_Samp_159
9.0	_EPS_0.04_Samp_161
24.25	_EPS_0.042_Samp_3
19.333333333333332	_EPS_0.042_Samp_5
16.083333333333332	_EPS_0.042_Samp_7
14.833333333333334	_EPS_0.042_Samp_9
12.875	_EPS_0.042_Samp_11
12.166666666666666	_EPS_0.042_Samp_13
11.458333333333334	_EPS_0.042_Samp_15
22.25	_EPS_0.042_Samp_17
20.75	_EPS_0.042_Samp_19
19.75	_EPS_0.042_Samp_21
19.0	_EPS_0.042_Samp_23
18.5	_EPS_0.042_Samp_25
18.0	_EPS_0.042_Samp_27
18.25	_EPS_0.042_Samp_29
17.25	_EPS_0.042_Samp_31
17.25	_EPS_0.042_Samp_33
17.0	_EPS_0.042_Samp_35
16.5	_EPS_0.042_Samp_37
16.75	_EPS_0.042_Samp_39
16.25	_EPS_0.042_Samp_41
16.0	_EPS_0.042_Samp_43
15.5	_EPS_0.042_Samp_45
15.5	_EPS_0.042_Samp_47
15.75	_EPS_0.042_Samp_49
15.5	_EPS_0.042_Samp_51
14.75	_EPS_0.042_Samp_53
14.5	_EPS_0.042_Samp_55
14.25	_EPS_0.042_Samp_57
14.25	_EPS_0.042_Samp_59
13.75	_EPS_0.042_Samp_61
13.25	_EPS_0.042_Samp_63
13.25	_EPS_0.042_Samp_65
13.0	_EPS_0.042_Samp_67
12.5	_EPS_0.042_Samp_69
12.5	_EPS_0.042_Samp_71
12.25	_EPS_0.042_Samp_73
12.25	_EPS_0.042_Samp_75
12.25	_EPS_0.042_Samp_77
12.5	_EPS_0.042_Samp_79
12.5	_EPS_0.042_Samp_81
11.75	_EPS_0.042_Samp_83
11.75	_EPS_0.042_Samp_85
11.5	_EPS_0.042_Samp_87
11.75	_EPS_0.042_Samp_89
11.75	_EPS_0.042_Samp_91
11.5	_EPS_0.042_Samp_93
11.25	_EPS_0.042_Samp_95
11.25	_EPS_0.042_Samp_97
11.0	_EPS_0.042_Samp_99
10.75	_EPS_0.042_Samp_101
10.75	_EPS_0.042_Samp_103
10.75	_EPS_0.042_Samp_105
10.5	_EPS_0.042_Samp_107
10.0	_EPS_0.042_Samp_109
9.75	_EPS_0.042_Samp_111
9.75	_EPS_0.042_Samp_113
9.75	_EPS_0.042_Samp_115
9.75	_EPS_0.042_Samp_117
9.75	_EPS_0.042_Samp_119
9.75	_EPS_0.042_Samp_121
9.75	_EPS_0.042_Samp_123
9.75	_EPS_0.042_Samp_125
9.5	_EPS_0.042_Samp_127
9.75	_EPS_0.042_Samp_129
9.5	_EPS_0.042_Samp_131
9.5	_EPS_0.042_Samp_133
9.5	_EPS_0.042_Samp_135
9.5	_EPS_0.042_Samp_137
9.5	_EPS_0.042_Samp_139
9.5	_EPS_0.042_Samp_141
9.5	_EPS_0.042_Samp_143
9.5	_EPS_0.042_Samp_145
9.25	_EPS_0.042_Samp_147
9.25	_EPS_0.042_Samp_149
9.25	_EPS_0.042_Samp_151
9.0	_EPS_0.042_Samp_153
9.0	_EPS_0.042_Samp_155
9.0	_EPS_0.042_Samp_157
8.75	_EPS_0.042_Samp_159
8.75	_EPS_0.042_Samp_161
24.25	_EPS_0.044_Samp_3
19.458333333333332	_EPS_0.044_Samp_5
15.958333333333334	_EPS_0.044_Samp_7
14.583333333333334	_EPS_0.044_Samp_9
12.916666666666666	_EPS_0.044_Samp_11
12.125	_EPS_0.044_Samp_13
11.458333333333334	_EPS_0.044_Samp_15
21.75	_EPS_0.044_Samp_17
20.75	_EPS_0.044_Samp_19
19.25	_EPS_0.044_Samp_21
18.5	_EPS_0.044_Samp_23
18.0	_EPS_0.044_Samp_25
17.75	_EPS_0.044_Samp_27
17.75	_EPS_0.044_Samp_29
17.5	_EPS_0.044_Samp_31
17.0	_EPS_0.044_Samp_33
17.25	_EPS_0.044_Samp_35
16.75	_EPS_0.044_Samp_37
16.5	_EPS_0.044_Samp_39
16.25	_EPS_0.044_Samp_41
16.0	_EPS_0.044_Samp_43
16.0	_EPS_0.044_Samp_45
15.75	_EPS_0.044_Samp_47
15.5	_EPS_0.044_Samp_49
15.5	_EPS_0.044_Samp_51
15.0	_EPS_0.044_Samp_53
14.75	_EPS_0.044_Samp_55
14.25	_EPS_0.044_Samp_57
14.25	_EPS_0.044_Samp_59
14.25	_EPS_0.044_Samp_61
13.5	_EPS_0.044_Samp_63
13.0	_EPS_0.044_Samp_65
13.0	_EPS_0.044_Samp_67
12.5	_EPS_0.044_Samp_69
12.25	_EPS_0.044_Samp_71
12.25	_EPS_0.044_Samp_73
12.0	_EPS_0.044_Samp_75
12.0	_EPS_0.044_Samp_77
12.0	_EPS_0.044_Samp_79
12.0	_EPS_0.044_Samp_81
11.75	_EPS_0.044_Samp_83
11.75	_EPS_0.044_Samp_85
11.5	_EPS_0.044_Samp_87
11.5	_EPS_0.044_Samp_89
11.25	_EPS_0.044_Samp_91
11.25	_EPS_0.044_Samp_93
11.0	_EPS_0.044_Samp_95
11.0	_EPS_0.044_Samp_97
11.25	_EPS_0.044_Samp_99
10.75	_EPS_0.044_Samp_101
10.5	_EPS_0.044_Samp_103
10.5	_EPS_0.044_Samp_105
10.5	_EPS_0.044_Samp_107
10.25	_EPS_0.044_Samp_109
10.0	_EPS_0.044_Samp_111
10.0	_EPS_0.044_Samp_113
10.0	_EPS_0.044_Samp_115
9.5	_EPS_0.044_Samp_117
9.5	_EPS_0.044_Samp_119
9.5	_EPS_0.044_Samp_121
9.5	_EPS_0.044_Samp_123
9.5	_EPS_0.044_Samp_125
9.75	_EPS_0.044_Samp_127
9.5	_EPS_0.044_Samp_129
9.25	_EPS_0.044_Samp_131
9.5	_EPS_0.044_Samp_133
9.5	_EPS_0.044_Samp_135
9.5	_EPS_0.044_Samp_137
9.5	_EPS_0.044_Samp_139
9.5	_EPS_0.044_Samp_141
9.5	_EPS_0.044_Samp_143
9.5	_EPS_0.044_Samp_145
9.25	_EPS_0.044_Samp_147
9.25	_EPS_0.044_Samp_149
9.25	_EPS_0.044_Samp_151
9.0	_EPS_0.044_Samp_153
9.0	_EPS_0.044_Samp_155
9.0	_EPS_0.044_Samp_157
9.0	_EPS_0.044_Samp_159
9.0	_EPS_0.044_Samp_161
23.333333333333332	_EPS_0.046_Samp_3
19.333333333333332	_EPS_0.046_Samp_5
16.041666666666668	_EPS_0.046_Samp_7
14.541666666666666	_EPS_0.046_Samp_9
12.75	_EPS_0.046_Samp_11
11.708333333333334	_EPS_0.046_Samp_13
10.958333333333334	_EPS_0.046_Samp_15
21.0	_EPS_0.046_Samp_17
20.75	_EPS_0.046_Samp_19
18.75	_EPS_0.046_Samp_21
18.5	_EPS_0.046_Samp_23
17.25	_EPS_0.046_Samp_25
16.75	_EPS_0.046_Samp_27
17.0	_EPS_0.046_Samp_29
16.75	_EPS_0.046_Samp_31
16.25	_EPS_0.046_Samp_33
16.5	_EPS_0.046_Samp_35
16.0	_EPS_0.046_Samp_37
16.25	_EPS_0.046_Samp_39
15.5	_EPS_0.046_Samp_41
15.5	_EPS_0.046_Samp_43
15.5	_EPS_0.046_Samp_45
15.5	_EPS_0.046_Samp_47
15.5	_EPS_0.046_Samp_49
15.0	_EPS_0.046_Samp_51
14.5	_EPS_0.046_Samp_53
14.75	_EPS_0.046_Samp_55
15.0	_EPS_0.046_Samp_57
14.5	_EPS_0.046_Samp_59
14.0	_EPS_0.046_Samp_61
13.75	_EPS_0.046_Samp_63
13.0	_EPS_0.046_Samp_65
13.0	_EPS_0.046_Samp_67
12.75	_EPS_0.046_Samp_69
12.5	_EPS_0.046_Samp_71
12.5	_EPS_0.046_Samp_73
12.5	_EPS_0.046_Samp_75
12.25	_EPS_0.046_Samp_77
12.25	_EPS_0.046_Samp_79
12.25	_EPS_0.046_Samp_81
12.0	_EPS_0.046_Samp_83
12.0	_EPS_0.046_Samp_85
11.5	_EPS_0.046_Samp_87
11.5	_EPS_0.046_Samp_89
11.5	_EPS_0.046_Samp_91
11.25	_EPS_0.046_Samp_93
11.0	_EPS_0.046_Samp_95
11.0	_EPS_0.046_Samp_97
11.25	_EPS_0.046_Samp_99
10.75	_EPS_0.046_Samp_101
10.75	_EPS_0.046_Samp_103
10.5	_EPS_0.046_Samp_105
10.25	_EPS_0.046_Samp_107
10.25	_EPS_0.046_Samp_109
10.0	_EPS_0.046_Samp_111
9.75	_EPS_0.046_Samp_113
9.75	_EPS_0.046_Samp_115
9.5	_EPS_0.046_Samp_117
9.5	_EPS_0.046_Samp_119
9.5	_EPS_0.046_Samp_121
9.5	_EPS_0.046_Samp_123
9.5	_EPS_0.046_Samp_125
9.5	_EPS_0.046_Samp_127
9.25	_EPS_0.046_Samp_129
9.25	_EPS_0.046_Samp_131
9.0	_EPS_0.046_Samp_133
9.0	_EPS_0.046_Samp_135
9.0	_EPS_0.046_Samp_137
9.0	_EPS_0.046_Samp_139
9.0	_EPS_0.046_Samp_141
9.0	_EPS_0.046_Samp_143
9.0	_EPS_0.046_Samp_145
8.75	_EPS_0.046_Samp_147
8.75	_EPS_0.046_Samp_149
8.75	_EPS_0.046_Samp_151
8.5	_EPS_0.046_Samp_153
8.5	_EPS_0.046_Samp_155
8.5	_EPS_0.046_Samp_157
8.5	_EPS_0.046_Samp_159
8.5	_EPS_0.046_Samp_161
22.541666666666668	_EPS_0.048_Samp_3
18.208333333333332	_EPS_0.048_Samp_5
15.291666666666666	_EPS_0.048_Samp_7
14.25	_EPS_0.048_Samp_9
12.791666666666666	_EPS_0.048_Samp_11
11.625	_EPS_0.048_Samp_13
10.75	_EPS_0.048_Samp_15
20.0	_EPS_0.048_Samp_17
19.75	_EPS_0.048_Samp_19
17.75	_EPS_0.048_Samp_21
17.75	_EPS_0.048_Samp_23
17.0	_EPS_0.048_Samp_25
16.75	_EPS_0.048_Samp_27
16.5	_EPS_0.048_Samp_29
16.0	_EPS_0.048_Samp_31
15.25	_EPS_0.048_Samp_33
15.5	_EPS_0.048_Samp_35
15.5	_EPS_0.048_Samp_37
15.75	_EPS_0.048_Samp_39
14.5	_EPS_0.048_Samp_41
14.0	_EPS_0.048_Samp_43
14.5	_EPS_0.048_Samp_45
14.5	_EPS_0.048_Samp_47
14.25	_EPS_0.048_Samp_49
14.0	_EPS_0.048_Samp_51
13.75	_EPS_0.048_Samp_53
13.5	_EPS_0.048_Samp_55
13.5	_EPS_0.048_Samp_57
13.25	_EPS_0.048_Samp_59
13.0	_EPS_0.048_Samp_61
12.5	_EPS_0.048_Samp_63
12.5	_EPS_0.048_Samp_65
12.25	_EPS_0.048_Samp_67
12.25	_EPS_0.048_Samp_69
12.0	_EPS_0.048_Samp_71
11.75	_EPS_0.048_Samp_73
11.75	_EPS_0.048_Samp_75
11.5	_EPS_0.048_Samp_77
11.5	_EPS_0.048_Samp_79
11.5	_EPS_0.048_Samp_81
11.5	_EPS_0.048_Samp_83
11.5	_EPS_0.048_Samp_85
11.0	_EPS_0.048_Samp_87
11.0	_EPS_0.048_Samp_89
11.0	_EPS_0.048_Samp_91
11.25	_EPS_0.048_Samp_93
10.75	_EPS_0.048_Samp_95
11.0	_EPS_0.048_Samp_97
11.0	_EPS_0.048_Samp_99
10.5	_EPS_0.048_Samp_101
10.5	_EPS_0.048_Samp_103
10.25	_EPS_0.048_Samp_105
10.25	_EPS_0.048_Samp_107
10.25	_EPS_0.048_Samp_109
10.0	_EPS_0.048_Samp_111
9.75	_EPS_0.048_Samp_113
10.0	_EPS_0.048_Samp_115
9.75	_EPS_0.048_Samp_117
10.0	_EPS_0.048_Samp_119
9.5	_EPS_0.048_Samp_121
9.5	_EPS_0.048_Samp_123
9.5	_EPS_0.048_Samp_125
9.5	_EPS_0.048_Samp_127
9.5	_EPS_0.048_Samp_129
9.5	_EPS_0.048_Samp_131
9.25	_EPS_0.048_Samp_133
9.0	_EPS_0.048_Samp_135
9.0	_EPS_0.048_Samp_137
9.0	_EPS_0.048_Samp_139
9.0	_EPS_0.048_Samp_141
9.0	_EPS_0.048_Samp_143
9.0	_EPS_0.048_Samp_145
8.75	_EPS_0.048_Samp_147
8.75	_EPS_0.048_Samp_149
8.75	_EPS_0.048_Samp_151
8.5	_EPS_0.048_Samp_153
8.5	_EPS_0.048_Samp_155
8.5	_EPS_0.048_Samp_157
8.5	_EPS_0.048_Samp_159
8.5	_EPS_0.048_Samp_161
21.583333333333332	_EPS_0.05_Samp_3
17.666666666666668	_EPS_0.05_Samp_5
15.291666666666666	_EPS_0.05_Samp_7
14.0	_EPS_0.05_Samp_9
12.458333333333334	_EPS_0.05_Samp_11
11.833333333333334	_EPS_0.05_Samp_13
10.791666666666666	_EPS_0.05_Samp_15
18.5	_EPS_0.05_Samp_17
18.5	_EPS_0.05_Samp_19
16.75	_EPS_0.05_Samp_21
16.25	_EPS_0.05_Samp_23
15.75	_EPS_0.05_Samp_25
15.5	_EPS_0.05_Samp_27
15.5	_EPS_0.05_Samp_29
15.0	_EPS_0.05_Samp_31
15.0	_EPS_0.05_Samp_33
15.0	_EPS_0.05_Samp_35
14.75	_EPS_0.05_Samp_37
14.75	_EPS_0.05_Samp_39
14.25	_EPS_0.05_Samp_41
13.75	_EPS_0.05_Samp_43
13.75	_EPS_0.05_Samp_45
14.0	_EPS_0.05_Samp_47
13.75	_EPS_0.05_Samp_49
13.5	_EPS_0.05_Samp_51
13.5	_EPS_0.05_Samp_53
13.5	_EPS_0.05_Samp_55
13.25	_EPS_0.05_Samp_57
13.0	_EPS_0.05_Samp_59
12.75	_EPS_0.05_Samp_61
12.5	_EPS_0.05_Samp_63
12.25	_EPS_0.05_Samp_65
12.25	_EPS_0.05_Samp_67
12.0	_EPS_0.05_Samp_69
12.25	_EPS_0.05_Samp_71
12.0	_EPS_0.05_Samp_73
12.0	_EPS_0.05_Samp_75
11.75	_EPS_0.05_Samp_77
11.75	_EPS_0.05_Samp_79
11.75	_EPS_0.05_Samp_81
11.75	_EPS_0.05_Samp_83
11.75	_EPS_0.05_Samp_85
11.5	_EPS_0.05_Samp_87
11.5	_EPS_0.05_Samp_89
11.25	_EPS_0.05_Samp_91
11.25	_EPS_0.05_Samp_93
11.0	_EPS_0.05_Samp_95
10.5	_EPS_0.05_Samp_97
10.75	_EPS_0.05_Samp_99
10.5	_EPS_0.05_Samp_101
10.25	_EPS_0.05_Samp_103
10.0	_EPS_0.05_Samp_105
10.0	_EPS_0.05_Samp_107
10.0	_EPS_0.05_Samp_109
9.75	_EPS_0.05_Samp_111
9.5	_EPS_0.05_Samp_113
9.75	_EPS_0.05_Samp_115
9.75	_EPS_0.05_Samp_117
9.5	_EPS_0.05_Samp_119
9.75	_EPS_0.05_Samp_121
9.5	_EPS_0.05_Samp_123
9.5	_EPS_0.05_Samp_125
9.5	_EPS_0.05_Samp_127
9.5	_EPS_0.05_Samp_129
9.5	_EPS_0.05_Samp_131
9.5	_EPS_0.05_Samp_133
9.5	_EPS_0.05_Samp_135
9.5	_EPS_0.05_Samp_137
9.5	_EPS_0.05_Samp_139
9.5	_EPS_0.05_Samp_141
9.25	_EPS_0.05_Samp_143
9.25	_EPS_0.05_Samp_145
9.0	_EPS_0.05_Samp_147
9.0	_EPS_0.05_Samp_149
9.0	_EPS_0.05_Samp_151
8.75	_EPS_0.05_Samp_153
8.75	_EPS_0.05_Samp_155
8.5	_EPS_0.05_Samp_157
8.5	_EPS_0.05_Samp_159
8.5	_EPS_0.05_Samp_161
21.083333333333332	_EPS_0.052_Samp_3
17.375	_EPS_0.052_Samp_5
14.625	_EPS_0.052_Samp_7
13.875	_EPS_0.052_Samp_9
12.5	_EPS_0.052_Samp_11
11.625	_EPS_0.052_Samp_13
10.583333333333334	_EPS_0.052_Samp_15
18.25	_EPS_0.052_Samp_17
18.25	_EPS_0.052_Samp_19
16.5	_EPS_0.052_Samp_21
16.25	_EPS_0.052_Samp_23
15.25	_EPS_0.052_Samp_25
15.0	_EPS_0.052_Samp_27
15.0	_EPS_0.052_Samp_29
14.5	_EPS_0.052_Samp_31
14.75	_EPS_0.052_Samp_33
14.75	_EPS_0.052_Samp_35
14.5	_EPS_0.052_Samp_37
14.5	_EPS_0.052_Samp_39
14.25	_EPS_0.052_Samp_41
13.5	_EPS_0.052_Samp_43
13.25	_EPS_0.052_Samp_45
13.25	_EPS_0.052_Samp_47
13.25	_EPS_0.052_Samp_49
13.25	_EPS_0.052_Samp_51
13.25	_EPS_0.052_Samp_53
13.5	_EPS_0.052_Samp_55
13.5	_EPS_0.052_Samp_57
13.0	_EPS_0.052_Samp_59
12.75	_EPS_0.052_Samp_61
12.25	_EPS_0.052_Samp_63
11.5	_EPS_0.052_Samp_65
11.75	_EPS_0.052_Samp_67
11.5	_EPS_0.052_Samp_69
11.5	_EPS_0.052_Samp_71
11.25	_EPS_0.052_Samp_73
11.25	_EPS_0.052_Samp_75
11.25	_EPS_0.052_Samp_77
11.25	_EPS_0.052_Samp_79
11.5	_EPS_0.052_Samp_81
11.5	_EPS_0.052_Samp_83
11.5	_EPS_0.052_Samp_85
11.25	_EPS_0.052_Samp_87
11.25	_EPS_0.052_Samp_89
11.25	_EPS_0.052_Samp_91
11.25	_EPS_0.052_Samp_93
11.0	_EPS_0.052_Samp_95
10.75	_EPS_0.052_Samp_97
10.75	_EPS_0.052_Samp_99
10.5	_EPS_0.052_Samp_101
10.0	_EPS_0.052_Samp_103
9.75	_EPS_0.052_Samp_105
10.0	_EPS_0.052_Samp_107
10.0	_EPS_0.052_Samp_109
10.0	_EPS_0.052_Samp_111
9.75	_EPS_0.052_Samp_113
10.0	_EPS_0.052_Samp_115
10.0	_EPS_0.052_Samp_117
9.5	_EPS_0.052_Samp_119
9.5	_EPS_0.052_Samp_121
9.5	_EPS_0.052_Samp_123
9.5	_EPS_0.052_Samp_125
9.5	_EPS_0.052_Samp_127
9.5	_EPS_0.052_Samp_129
9.5	_EPS_0.052_Samp_131
9.5	_EPS_0.052_Samp_133
9.5	_EPS_0.052_Samp_135
9.25	_EPS_0.052_Samp_137
9.25	_EPS_0.052_Samp_139
9.25	_EPS_0.052_Samp_141
9.0	_EPS_0.052_Samp_143
9.0	_EPS_0.052_Samp_145
8.75	_EPS_0.052_Samp_147
8.75	_EPS_0.052_Samp_149
8.75	_EPS_0.052_Samp_151
8.5	_EPS_0.052_Samp_153
8.5	_EPS_0.052_Samp_155
8.5	_EPS_0.052_Samp_157
8.5	_EPS_0.052_Samp_159
8.5	_EPS_0.052_Samp_161
20.5	_EPS_0.054_Samp_3
16.833333333333332	_EPS_0.054_Samp_5
14.333333333333334	_EPS_0.054_Samp_7
13.708333333333334	_EPS_0.054_Samp_9
12.291666666666666	_EPS_0.054_Samp_11
11.458333333333334	_EPS_0.054_Samp_13
10.5	_EPS_0.054_Samp_15
17.75	_EPS_0.054_Samp_17
17.5	_EPS_0.054_Samp_19
15.75	_EPS_0.054_Samp_21
15.25	_EPS_0.054_Samp_23
14.25	_EPS_0.054_Samp_25
14.0	_EPS_0.054_Samp_27
14.75	_EPS_0.054_Samp_29
13.75	_EPS_0.054_Samp_31
14.25	_EPS_0.054_Samp_33
14.25	_EPS_0.054_Samp_35
14.0	_EPS_0.054_Samp_37
14.0	_EPS_0.054_Samp_39
13.75	_EPS_0.054_Samp_41
13.25	_EPS_0.054_Samp_43
13.25	_EPS_0.054_Samp_45
13.25	_EPS_0.054_Samp_47
13.25	_EPS_0.054_Samp_49
13.25	_EPS_0.054_Samp_51
13.0	_EPS_0.054_Samp_53
13.0	_EPS_0.054_Samp_55
12.75	_EPS_0.054_Samp_57
12.25	_EPS_0.054_Samp_59
12.0	_EPS_0.054_Samp_61
12.0	_EPS_0.054_Samp_63
11.75	_EPS_0.054_Samp_65
11.5	_EPS_0.054_Samp_67
11.0	_EPS_0.054_Samp_69
10.75	_EPS_0.054_Samp_71
10.75	_EPS_0.054_Samp_73
11.25	_EPS_0.054_Samp_75
11.25	_EPS_0.054_Samp_77
11.25	_EPS_0.054_Samp_79
11.25	_EPS_0.054_Samp_81
11.25	_EPS_0.054_Samp_83
11.25	_EPS_0.054_Samp_85
11.25	_EPS_0.054_Samp_87
11.25	_EPS_0.054_Samp_89
11.0	_EPS_0.054_Samp_91
11.25	_EPS_0.054_Samp_93
11.0	_EPS_0.054_Samp_95
10.75	_EPS_0.054_Samp_97
10.75	_EPS_0.054_Samp_99
10.5	_EPS_0.054_Samp_101
10.25	_EPS_0.054_Samp_103
9.75	_EPS_0.054_Samp_105
9.75	_EPS_0.054_Samp_107
9.75	_EPS_0.054_Samp_109
10.0	_EPS_0.054_Samp_111
9.75	_EPS_0.054_Samp_113
9.75	_EPS_0.054_Samp_115
10.0	_EPS_0.054_Samp_117
9.5	_EPS_0.054_Samp_119
9.5	_EPS_0.054_Samp_121
9.5	_EPS_0.054_Samp_123
9.5	_EPS_0.054_Samp_125
9.5	_EPS_0.054_Samp_127
9.5	_EPS_0.054_Samp_129
9.5	_EPS_0.054_Samp_131
9.5	_EPS_0.054_Samp_133
9.5	_EPS_0.054_Samp_135
9.25	_EPS_0.054_Samp_137
9.25	_EPS_0.054_Samp_139
9.25	_EPS_0.054_Samp_141
9.25	_EPS_0.054_Samp_143
9.0	_EPS_0.054_Samp_145
8.75	_EPS_0.054_Samp_147
8.75	_EPS_0.054_Samp_149
8.75	_EPS_0.054_Samp_151
8.5	_EPS_0.054_Samp_153
8.5	_EPS_0.054_Samp_155
8.5	_EPS_0.054_Samp_157
8.5	_EPS_0.054_Samp_159
8.5	_EPS_0.054_Samp_161
20.208333333333332	_EPS_0.056_Samp_3
16.375	_EPS_0.056_Samp_5
14.041666666666666	_EPS_0.056_Samp_7
13.208333333333334	_EPS_0.056_Samp_9
11.75	_EPS_0.056_Samp_11
11.125	_EPS_0.056_Samp_13
10.25	_EPS_0.056_Samp_15
17.25	_EPS_0.056_Samp_17
16.75	_EPS_0.056_Samp_19
15.25	_EPS_0.056_Samp_21
14.75	_EPS_0.056_Samp_23
14.0	_EPS_0.056_Samp_25
13.75	_EPS_0.056_Samp_27
14.5	_EPS_0.056_Samp_29
13.75	_EPS_0.056_Samp_31
14.25	_EPS_0.056_Samp_33
14.0	_EPS_0.056_Samp_35
13.5	_EPS_0.056_Samp_37
13.5	_EPS_0.056_Samp_39
13.25	_EPS_0.056_Samp_41
13.0	_EPS_0.056_Samp_43
12.75	_EPS_0.056_Samp_45
12.75	_EPS_0.056_Samp_47
12.75	_EPS_0.056_Samp_49
12.5	_EPS_0.056_Samp_51
12.25	_EPS_0.056_Samp_53
12.5	_EPS_0.056_Samp_55
12.5	_EPS_0.056_Samp_57
12.25	_EPS_0.056_Samp_59
12.0	_EPS_0.056_Samp_61
11.75	_EPS_0.056_Samp_63
11.5	_EPS_0.056_Samp_65
11.5	_EPS_0.056_Samp_67
10.75	_EPS_0.056_Samp_69
10.75	_EPS_0.056_Samp_71
10.75	_EPS_0.056_Samp_73
10.75	_EPS_0.056_Samp_75
11.0	_EPS_0.056_Samp_77
11.0	_EPS_0.056_Samp_79
11.0	_EPS_0.056_Samp_81
10.75	_EPS_0.056_Samp_83
10.75	_EPS_0.056_Samp_85
10.75	_EPS_0.056_Samp_87
11.0	_EPS_0.056_Samp_89
10.75	_EPS_0.056_Samp_91
10.75	_EPS_0.056_Samp_93
10.75	_EPS_0.056_Samp_95
10.25	_EPS_0.056_Samp_97
10.25	_EPS_0.056_Samp_99
10.0	_EPS_0.056_Samp_101
9.75	_EPS_0.056_Samp_103
9.5	_EPS_0.056_Samp_105
9.5	_EPS_0.056_Samp_107
9.5	_EPS_0.056_Samp_109
9.5	_EPS_0.056_Samp_111
9.5	_EPS_0.056_Samp_113
9.0	_EPS_0.056_Samp_115
9.5	_EPS_0.056_Samp_117
9.0	_EPS_0.056_Samp_119
9.0	_EPS_0.056_Samp_121
9.0	_EPS_0.056_Samp_123
9.0	_EPS_0.056_Samp_125
9.0	_EPS_0.056_Samp_127
9.0	_EPS_0.056_Samp_129
9.25	_EPS_0.056_Samp_131
9.25	_EPS_0.056_Samp_133
9.25	_EPS_0.056_Samp_135
9.0	_EPS_0.056_Samp_137
9.0	_EPS_0.056_Samp_139
9.25	_EPS_0.056_Samp_141
9.25	_EPS_0.056_Samp_143
9.25	_EPS_0.056_Samp_145
8.75	_EPS_0.056_Samp_147
8.75	_EPS_0.056_Samp_149
8.75	_EPS_0.056_Samp_151
8.5	_EPS_0.056_Samp_153
8.5	_EPS_0.056_Samp_155
8.5	_EPS_0.056_Samp_157
8.5	_EPS_0.056_Samp_159
8.5	_EPS_0.056_Samp_161
